Scientific name,Genus,Species,Latitude,Longitude,,,,,,
Cottus_carolinae,Cottus,carolinae,38.157776,-80.14222,,,,,,
Cottus_carolinae,Cottus,carolinae,38.15778,-80.14222,,,,,,
Cottus_carolinae,Cottus,carolinae,37.9167,-80.2667,,,,,,
Cottus_carolinae,Cottus,carolinae,37.9167,-80.2667,,,,,,
Cottus_carolinae,Cottus,carolinae,36.0906,-80.3478,,,,,,
Cottus_carolinae,Cottus,carolinae,36.0906,-80.3478,,,,,,
Cottus_carolinae,Cottus,carolinae,37.351944,-80.38389,,,,,,
Cottus_carolinae,Cottus,carolinae,37.351944,-80.38389,,,,,,
Cottus_carolinae,Cottus,carolinae,37.351944,-80.38389,,,,,,
Cottus_carolinae,Cottus,carolinae,37.26556,-80.60167,,,,,,
Cottus_carolinae,Cottus,carolinae,37.97028,-81.24306,,,,,,
Cottus_carolinae,Cottus,carolinae,36.7806,-81.45,,,,,,
Cottus_carolinae,Cottus,carolinae,36.7806,-81.45,,,,,,
Cottus_carolinae,Cottus,carolinae,36.94639,-81.53861,,,,,,
Cottus_carolinae,Cottus,carolinae,37.108612,-81.54611,,,,,,
Cottus_carolinae,Cottus,carolinae,37.108612,-81.54611,,,,,,
Cottus_carolinae,Cottus,carolinae,37.108612,-81.54611,,,,,,
Cottus_carolinae,Cottus,carolinae,36.7692,-81.5933,,,,,,
Cottus_carolinae,Cottus,carolinae,36.916943,-81.674446,,,,,,
Cottus_carolinae,Cottus,carolinae,36.916943,-81.674446,,,,,,
Cottus_carolinae,Cottus,carolinae,36.916943,-81.674446,,,,,,
Cottus_carolinae,Cottus,carolinae,36.916943,-81.674446,,,,,,
Cottus_carolinae,Cottus,carolinae,36.888332,-81.674446,,,,,,
Cottus_carolinae,Cottus,carolinae,36.888332,-81.674446,,,,,,
Cottus_carolinae,Cottus,carolinae,36.916943,-81.674446,,,,,,
Cottus_carolinae,Cottus,carolinae,36.888332,-81.674446,,,,,,
Cottus_carolinae,Cottus,carolinae,36.66278,-81.80556,,,,,,
Cottus_carolinae,Cottus,carolinae,36.66278,-81.80556,,,,,,
Cottus_carolinae,Cottus,carolinae,36.988888,-81.84333,,,,,,
Cottus_carolinae,Cottus,carolinae,36.988888,-81.84333,,,,,,
Cottus_carolinae,Cottus,carolinae,36.988888,-81.84333,,,,,,
Cottus_carolinae,Cottus,carolinae,36.8607,-81.89125,,,,,,
Cottus_carolinae,Cottus,carolinae,36.8607,-81.89125,,,,,,
Cottus_carolinae,Cottus,carolinae,36.82738,-81.9242,,,,,,
Cottus_carolinae,Cottus,carolinae,36.82738,-81.9242,,,,,,
Cottus_carolinae,Cottus,carolinae,36.72778,-82.13639,,,,,,
Cottus_carolinae,Cottus,carolinae,36.72778,-82.13639,,,,,,
Cottus_carolinae,Cottus,carolinae,36.72778,-82.13639,,,,,,
Cottus_carolinae,Cottus,carolinae,36.68889,-82.28,,,,,,
Cottus_carolinae,Cottus,carolinae,36.68889,-82.28,,,,,,
Cottus_carolinae,Cottus,carolinae,36.68889,-82.28,,,,,,
Cottus_carolinae,Cottus,carolinae,36.186943,-82.45639,,,,,,
Cottus_carolinae,Cottus,carolinae,36.143055,-82.479164,,,,,,
Cottus_carolinae,Cottus,carolinae,36.62361,-82.498886,,,,,,
Cottus_carolinae,Cottus,carolinae,36.62361,-82.498886,,,,,,
Cottus_carolinae,Cottus,carolinae,36.62361,-82.498886,,,,,,
Cottus_carolinae,Cottus,carolinae,36.6483,-82.5534,,,,,,
Cottus_carolinae,Cottus,carolinae,36.149,-82.5876,,,,,,
Cottus_carolinae,Cottus,carolinae,36.437424,-82.625374,,,,,,
Cottus_carolinae,Cottus,carolinae,36.66195,-82.65694,,,,,,
Cottus_carolinae,Cottus,carolinae,35.2711,-82.673,,,,,,
Cottus_carolinae,Cottus,carolinae,36.665,-82.6975,,,,,,
Cottus_carolinae,Cottus,carolinae,34.9124,-82.7075,,,,,,
Cottus_carolinae,Cottus,carolinae,36.657467,-82.711716,,,,,,
Cottus_carolinae,Cottus,carolinae,36.65747,-82.71172,,,,,,
Cottus_carolinae,Cottus,carolinae,36.65694,-82.73666,,,,,,
Cottus_carolinae,Cottus,carolinae,36.65694,-82.73666,,,,,,
Cottus_carolinae,Cottus,carolinae,36.65694,-82.73666,,,,,,
Cottus_carolinae,Cottus,carolinae,35.14305,-82.83778,,,,,,
Cottus_carolinae,Cottus,carolinae,35.14305,-82.83778,,,,,,
Cottus_carolinae,Cottus,carolinae,35.9452,-82.8991,,,,,,
Cottus_carolinae,Cottus,carolinae,35.945,-82.8992,,,,,,
Cottus_carolinae,Cottus,carolinae,36.688057,-83.02722,,,,,,
Cottus_carolinae,Cottus,carolinae,36.688057,-83.02722,,,,,,
Cottus_carolinae,Cottus,carolinae,36.688057,-83.02722,,,,,,
Cottus_carolinae,Cottus,carolinae,35.089443,-83.056114,,,,,,
Cottus_carolinae,Cottus,carolinae,35.77389,-83.09805,,,,,,
Cottus_carolinae,Cottus,carolinae,36.43444,-83.12278,,,,,,
Cottus_carolinae,Cottus,carolinae,36.534485,-83.144066,,,,,,
Cottus_carolinae,Cottus,carolinae,36.53448,-83.14407,,,,,,
Cottus_carolinae,Cottus,carolinae,35.81639,-83.14778,,,,,,
Cottus_carolinae,Cottus,carolinae,36.53056,-83.15083,,,,,,
Cottus_carolinae,Cottus,carolinae,36.49833,-83.15611,,,,,,
Cottus_carolinae,Cottus,carolinae,36.52833,-83.164444,,,,,,
Cottus_carolinae,Cottus,carolinae,36.52833,-83.164444,,,,,,
Cottus_carolinae,Cottus,carolinae,36.16528,-83.16944,,,,,,
Cottus_carolinae,Cottus,carolinae,35.87305,-83.22334,,,,,,
Cottus_carolinae,Cottus,carolinae,36.643333,-83.243614,,,,,,
Cottus_carolinae,Cottus,carolinae,36.643333,-83.243614,,,,,,
Cottus_carolinae,Cottus,carolinae,36.643333,-83.243614,,,,,,
Cottus_carolinae,Cottus,carolinae,36.663612,-83.25667,,,,,,
Cottus_carolinae,Cottus,carolinae,36.663612,-83.25667,,,,,,
Cottus_carolinae,Cottus,carolinae,36.663612,-83.25667,,,,,,
Cottus_carolinae,Cottus,carolinae,36.6039,-83.2944,,,,,,
Cottus_carolinae,Cottus,carolinae,35.14478,-83.3098,,,,,,
Cottus_carolinae,Cottus,carolinae,35.144783,-83.3098,,,,,,
Cottus_carolinae,Cottus,carolinae,35.4721,-83.314,,,,,,
Cottus_carolinae,Cottus,carolinae,34.93861,-83.38917,,,,,,
Cottus_carolinae,Cottus,carolinae,35.15805,-83.39167,,,,,,
Cottus_carolinae,Cottus,carolinae,35.24778,-83.39667,,,,,,
Cottus_carolinae,Cottus,carolinae,35.73944,-83.41611,,,,,,
Cottus_carolinae,Cottus,carolinae,35.73944,-83.41611,,,,,,
Cottus_carolinae,Cottus,carolinae,36.55111,-83.42639,,,,,,
Cottus_carolinae,Cottus,carolinae,36.558613,-83.42778,,,,,,
Cottus_carolinae,Cottus,carolinae,36.4676,-83.4376,,,,,,
Cottus_carolinae,Cottus,carolinae,34.86722,-83.47833,,,,,,
Cottus_carolinae,Cottus,carolinae,35.86972,-83.49805,,,,,,
Cottus_carolinae,Cottus,carolinae,35.865,-83.50694,,,,,,
Cottus_carolinae,Cottus,carolinae,35.8675,-83.5159,,,,,,
Cottus_carolinae,Cottus,carolinae,36.4233,-83.5231,,,,,,
Cottus_carolinae,Cottus,carolinae,36.4233,-83.5231,,,,,,
Cottus_carolinae,Cottus,carolinae,36.42389,-83.52361,,,,,,
Cottus_carolinae,Cottus,carolinae,36.608334,-83.55556,,,,,,
Cottus_carolinae,Cottus,carolinae,36.608334,-83.55556,,,,,,
Cottus_carolinae,Cottus,carolinae,36.608334,-83.55556,,,,,,
Cottus_carolinae,Cottus,carolinae,35.87,-83.5675,,,,,,
Cottus_carolinae,Cottus,carolinae,36.566666,-83.61584,,,,,,
Cottus_carolinae,Cottus,carolinae,36.61712,-83.61743,,,,,,
Cottus_carolinae,Cottus,carolinae,36.54083,-83.63167,,,,,,
Cottus_carolinae,Cottus,carolinae,36.52306,-83.68584,,,,,,
Cottus_carolinae,Cottus,carolinae,36.51583,-83.68694,,,,,,
Cottus_carolinae,Cottus,carolinae,35.22417,-83.74472,,,,,,
Cottus_carolinae,Cottus,carolinae,35.22417,-83.74472,,,,,,
Cottus_carolinae,Cottus,carolinae,35.67972,-83.77917,,,,,,
Cottus_carolinae,Cottus,carolinae,34.61361,-83.79028,,,,,,
Cottus_carolinae,Cottus,carolinae,34.61361,-83.79028,,,,,,
Cottus_carolinae,Cottus,carolinae,35.82944,-83.80278,,,,,,
Cottus_carolinae,Cottus,carolinae,35.69778,-83.80695,,,,,,
Cottus_carolinae,Cottus,carolinae,35.72278,-83.8175,,,,,,
Cottus_carolinae,Cottus,carolinae,35.72278,-83.8175,,,,,,
Cottus_carolinae,Cottus,carolinae,35.72278,-83.8175,,,,,,
Cottus_carolinae,Cottus,carolinae,35.7536,-83.8413,,,,,,
Cottus_carolinae,Cottus,carolinae,35.77167,-83.84306,,,,,,
Cottus_carolinae,Cottus,carolinae,34.92056,-83.855,,,,,,
Cottus_carolinae,Cottus,carolinae,34.91167,-83.86528,,,,,,
Cottus_carolinae,Cottus,carolinae,35.7856,-83.8829,,,,,,
Cottus_carolinae,Cottus,carolinae,35.7856,-83.8829,,,,,,
Cottus_carolinae,Cottus,carolinae,35.78625,-83.883415,,,,,,
Cottus_carolinae,Cottus,carolinae,35.78625,-83.88342,,,,,,
Cottus_carolinae,Cottus,carolinae,35.78528,-83.88361,,,,,,
Cottus_carolinae,Cottus,carolinae,35.7857,-83.8838,,,,,,
Cottus_carolinae,Cottus,carolinae,35.7853,-83.8839,,,,,,
Cottus_carolinae,Cottus,carolinae,35.7853,-83.8839,,,,,,
Cottus_carolinae,Cottus,carolinae,35.78556,-83.88416,,,,,,
Cottus_carolinae,Cottus,carolinae,35.78556,-83.88416,,,,,,
Cottus_carolinae,Cottus,carolinae,36.22282,-83.90472,,,,,,
Cottus_carolinae,Cottus,carolinae,36.222816,-83.90472,,,,,,
Cottus_carolinae,Cottus,carolinae,36.4528,-83.9049,,,,,,
Cottus_carolinae,Cottus,carolinae,35.96028,-83.91278,,,,,,
Cottus_carolinae,Cottus,carolinae,35.8199,-83.9379,,,,,,
Cottus_carolinae,Cottus,carolinae,35.80222,-83.95222,,,,,,
Cottus_carolinae,Cottus,carolinae,36.065075,-83.95595,,,,,,
Cottus_carolinae,Cottus,carolinae,35.13194,-83.98473,,,,,,
Cottus_carolinae,Cottus,carolinae,34.56472,-83.99139,,,,,,
Cottus_carolinae,Cottus,carolinae,34.56472,-83.99139,,,,,,
Cottus_carolinae,Cottus,carolinae,36.19687,-83.9971,,,,,,
Cottus_carolinae,Cottus,carolinae,36.19687,-83.9971,,,,,,
Cottus_carolinae,Cottus,carolinae,34.53,-84.00694,,,,,,
Cottus_carolinae,Cottus,carolinae,36.15111,-84.02778,,,,,,
Cottus_carolinae,Cottus,carolinae,37.415,-84.0316,,,,,,
Cottus_carolinae,Cottus,carolinae,37.3702,-84.0462,,,,,,
Cottus_carolinae,Cottus,carolinae,34.5347,-84.0634,,,,,,
Cottus_carolinae,Cottus,carolinae,35.9125,-84.07889,,,,,,
Cottus_carolinae,Cottus,carolinae,36.14167,-84.095,,,,,,
Cottus_carolinae,Cottus,carolinae,35.50806,-84.10472,,,,,,
Cottus_carolinae,Cottus,carolinae,36.125,-84.10639,,,,,,
Cottus_carolinae,Cottus,carolinae,36.125,-84.10639,,,,,,
Cottus_carolinae,Cottus,carolinae,36.125,-84.10639,,,,,,
Cottus_carolinae,Cottus,carolinae,36.125,-84.10639,,,,,,
Cottus_carolinae,Cottus,carolinae,37.3211,-84.1373,,,,,,
Cottus_carolinae,Cottus,carolinae,37.3211,-84.1373,,,,,,
Cottus_carolinae,Cottus,carolinae,37.3264,-84.145,,,,,,
Cottus_carolinae,Cottus,carolinae,37.3264,-84.145,,,,,,
Cottus_carolinae,Cottus,carolinae,37.2941,-84.1852,,,,,,
Cottus_carolinae,Cottus,carolinae,34.4825,-84.20055,,,,,,
Cottus_carolinae,Cottus,carolinae,37.2406,-84.2199,,,,,,
Cottus_carolinae,Cottus,carolinae,37.2406,-84.2199,,,,,,
Cottus_carolinae,Cottus,carolinae,37.1714,-84.2966,,,,,,
Cottus_carolinae,Cottus,carolinae,34.77917,-84.39194,,,,,,
Cottus_carolinae,Cottus,carolinae,34.7792,-84.3922,,,,,,
Cottus_carolinae,Cottus,carolinae,34.7792,-84.3922,,,,,,
Cottus_carolinae,Cottus,carolinae,34.65,-84.3954,,,,,,
Cottus_carolinae,Cottus,carolinae,34.64972,-84.39555,,,,,,
Cottus_carolinae,Cottus,carolinae,35.03083,-84.39889,,,,,,
Cottus_carolinae,Cottus,carolinae,34.76611,-84.40139,,,,,,
Cottus_carolinae,Cottus,carolinae,34.3106,-84.4033,,,,,,
Cottus_carolinae,Cottus,carolinae,34.3106,-84.4033,,,,,,
Cottus_carolinae,Cottus,carolinae,37.3889,-84.4203,,,,,,
Cottus_carolinae,Cottus,carolinae,37.3889,-84.4203,,,,,,
Cottus_carolinae,Cottus,carolinae,34.7792,-84.4353,,,,,,
Cottus_carolinae,Cottus,carolinae,34.7792,-84.4353,,,,,,
Cottus_carolinae,Cottus,carolinae,34.72361,-84.43555,,,,,,
Cottus_carolinae,Cottus,carolinae,37.1524,-84.4382,,,,,,
Cottus_carolinae,Cottus,carolinae,37.1517,-84.4384,,,,,,
Cottus_carolinae,Cottus,carolinae,37.1517,-84.4384,,,,,,
Cottus_carolinae,Cottus,carolinae,37.1514,-84.4386,,,,,,
Cottus_carolinae,Cottus,carolinae,37.1514,-84.4386,,,,,,
Cottus_carolinae,Cottus,carolinae,34.7255,-84.4449,,,,,,
Cottus_carolinae,Cottus,carolinae,34.6675,-84.44778,,,,,,
Cottus_carolinae,Cottus,carolinae,34.6675,-84.44778,,,,,,
Cottus_carolinae,Cottus,carolinae,34.68361,-84.45389,,,,,,
Cottus_carolinae,Cottus,carolinae,34.68361,-84.45389,,,,,,
Cottus_carolinae,Cottus,carolinae,34.66917,-84.45639,,,,,,
Cottus_carolinae,Cottus,carolinae,34.52845,-84.50923,,,,,,
Cottus_carolinae,Cottus,carolinae,34.52845,-84.50923,,,,,,
Cottus_carolinae,Cottus,carolinae,34.52278,-84.52472,,,,,,
Cottus_carolinae,Cottus,carolinae,34.52278,-84.52472,,,,,,
Cottus_carolinae,Cottus,carolinae,34.6575,-84.54195,,,,,,
Cottus_carolinae,Cottus,carolinae,34.6575,-84.54195,,,,,,
Cottus_carolinae,Cottus,carolinae,37.1116,-84.5653,,,,,,
Cottus_carolinae,Cottus,carolinae,37.1116,-84.5653,,,,,,
Cottus_carolinae,Cottus,carolinae,37.7867,-84.5856,,,,,,
Cottus_carolinae,Cottus,carolinae,37.7867,-84.5856,,,,,,
Cottus_carolinae,Cottus,carolinae,34.76944,-84.58861,,,,,,
Cottus_carolinae,Cottus,carolinae,35.03395,-84.599,,,,,,
Cottus_carolinae,Cottus,carolinae,35.03395,-84.5992,,,,,,
Cottus_carolinae,Cottus,carolinae,34.68583,-84.60056,,,,,,
Cottus_carolinae,Cottus,carolinae,37.9189,-84.6017,,,,,,
Cottus_carolinae,Cottus,carolinae,37.9189,-84.6017,,,,,,
Cottus_carolinae,Cottus,carolinae,34.66583,-84.66695,,,,,,
Cottus_carolinae,Cottus,carolinae,35.0041,-84.6908,,,,,,
Cottus_carolinae,Cottus,carolinae,36.739,-84.693,,,,,,
Cottus_carolinae,Cottus,carolinae,34.69472,-84.73444,,,,,,
Cottus_carolinae,Cottus,carolinae,34.69472,-84.73444,,,,,,
Cottus_carolinae,Cottus,carolinae,35.003056,-84.73778,,,,,,
Cottus_carolinae,Cottus,carolinae,34.76583,-84.76139,,,,,,
Cottus_carolinae,Cottus,carolinae,34.99028,-84.77528,,,,,,
Cottus_carolinae,Cottus,carolinae,34.99028,-84.77528,,,,,,
Cottus_carolinae,Cottus,carolinae,34.99028,-84.77528,,,,,,
Cottus_carolinae,Cottus,carolinae,34.99028,-84.77528,,,,,,
Cottus_carolinae,Cottus,carolinae,34.99028,-84.77528,,,,,,
Cottus_carolinae,Cottus,carolinae,34.99028,-84.77528,,,,,,
Cottus_carolinae,Cottus,carolinae,34.9904,-84.7753,,,,,,
Cottus_carolinae,Cottus,carolinae,34.9905,-84.7762,,,,,,
Cottus_carolinae,Cottus,carolinae,34.9912,-84.7775,,,,,,
Cottus_carolinae,Cottus,carolinae,34.9447,-84.7803,,,,,,
Cottus_carolinae,Cottus,carolinae,34.93833,-84.78472,,,,,,
Cottus_carolinae,Cottus,carolinae,38.215,-84.7987,,,,,,
Cottus_carolinae,Cottus,carolinae,34.38417,-84.83806,,,,,,
Cottus_carolinae,Cottus,carolinae,34.82861,-84.8575,,,,,,
Cottus_carolinae,Cottus,carolinae,37.25639,-84.87945,,,,,,
Cottus_carolinae,Cottus,carolinae,37.165,-84.88028,,,,,,
Cottus_carolinae,Cottus,carolinae,34.24445,-84.91306,,,,,,
Cottus_carolinae,Cottus,carolinae,32.80222,-84.91528,,,,,,
Cottus_carolinae,Cottus,carolinae,32.8205,-84.9186,,,,,,
Cottus_carolinae,Cottus,carolinae,32.81028,-84.91889,,,,,,
Cottus_carolinae,Cottus,carolinae,32.81028,-84.91889,,,,,,
Cottus_carolinae,Cottus,carolinae,32.81028,-84.91889,,,,,,
Cottus_carolinae,Cottus,carolinae,37.31667,-84.92583,,,,,,
Cottus_carolinae,Cottus,carolinae,33.52917,-84.92889,,,,,,
Cottus_carolinae,Cottus,carolinae,33.52917,-84.92889,,,,,,
Cottus_carolinae,Cottus,carolinae,32.81167,-84.93389,,,,,,
Cottus_carolinae,Cottus,carolinae,37.21444,-84.93945,,,,,,
Cottus_carolinae,Cottus,carolinae,37.3506,-84.9458,,,,,,
Cottus_carolinae,Cottus,carolinae,37.3506,-84.9458,,,,,,
Cottus_carolinae,Cottus,carolinae,37.19556,-84.94889,,,,,,
Cottus_carolinae,Cottus,carolinae,37.2687,-84.9612,,,,,,
Cottus_carolinae,Cottus,carolinae,32.71361,-84.96889,,,,,,
Cottus_carolinae,Cottus,carolinae,37.21361,-84.97083,,,,,,
Cottus_carolinae,Cottus,carolinae,36.666317,-84.973114,,,,,,
Cottus_carolinae,Cottus,carolinae,36.66632,-84.97312,,,,,,
Cottus_carolinae,Cottus,carolinae,37.214832,-84.97446,,,,,,
Cottus_carolinae,Cottus,carolinae,36.5512,-84.9792,,,,,,
Cottus_carolinae,Cottus,carolinae,37.1077,-84.9895,,,,,,
Cottus_carolinae,Cottus,carolinae,36.564068,-85.01107,,,,,,
Cottus_carolinae,Cottus,carolinae,36.56407,-85.01107,,,,,,
Cottus_carolinae,Cottus,carolinae,36.56361,-85.01139,,,,,,
Cottus_carolinae,Cottus,carolinae,34.20611,-85.07472,,,,,,
Cottus_carolinae,Cottus,carolinae,34.25417,-85.07972,,,,,,
Cottus_carolinae,Cottus,carolinae,34.445,-85.0853,,,,,,
Cottus_carolinae,Cottus,carolinae,34.445,-85.0853,,,,,,
Cottus_carolinae,Cottus,carolinae,34.44444,-85.08583,,,,,,
Cottus_carolinae,Cottus,carolinae,34.4308,-85.1247,,,,,,
Cottus_carolinae,Cottus,carolinae,34.4308,-85.1247,,,,,,
Cottus_carolinae,Cottus,carolinae,34.91917,-85.12583,,,,,,
Cottus_carolinae,Cottus,carolinae,34.16306,-85.13361,,,,,,
Cottus_carolinae,Cottus,carolinae,37.0561,-85.161,,,,,,
Cottus_carolinae,Cottus,carolinae,34.1825,-85.16444,,,,,,
Cottus_carolinae,Cottus,carolinae,34.1825,-85.16444,,,,,,
Cottus_carolinae,Cottus,carolinae,34.5832,-85.1875,,,,,,
Cottus_carolinae,Cottus,carolinae,36.29148,-85.1978,,,,,,
Cottus_carolinae,Cottus,carolinae,36.291485,-85.1978,,,,,,
Cottus_carolinae,Cottus,carolinae,33.7628,-85.2233,,,,,,
Cottus_carolinae,Cottus,carolinae,33.7628,-85.2233,,,,,,
Cottus_carolinae,Cottus,carolinae,33.7628,-85.2233,,,,,,
Cottus_carolinae,Cottus,carolinae,33.7628,-85.2233,,,,,,
Cottus_carolinae,Cottus,carolinae,33.763218,-85.2237,,,,,,
Cottus_carolinae,Cottus,carolinae,33.76322,-85.2237,,,,,,
Cottus_carolinae,Cottus,carolinae,33.7675,-85.252,,,,,,
Cottus_carolinae,Cottus,carolinae,33.7675,-85.252,,,,,,
Cottus_carolinae,Cottus,carolinae,33.7675,-85.252,,,,,,
Cottus_carolinae,Cottus,carolinae,33.7675,-85.252,,,,,,
Cottus_carolinae,Cottus,carolinae,37.4308,-85.2824,,,,,,
Cottus_carolinae,Cottus,carolinae,34.0883,-85.2847,,,,,,
Cottus_carolinae,Cottus,carolinae,34.0883,-85.2847,,,,,,
Cottus_carolinae,Cottus,carolinae,34.5975,-85.28472,,,,,,
Cottus_carolinae,Cottus,carolinae,35.123333,-85.297775,,,,,,
Cottus_carolinae,Cottus,carolinae,34.53944,-85.30055,,,,,,
Cottus_carolinae,Cottus,carolinae,35.43295,-85.304115,,,,,,
Cottus_carolinae,Cottus,carolinae,35.43295,-85.30412,,,,,,
Cottus_carolinae,Cottus,carolinae,36.3947,-85.3067,,,,,,
Cottus_carolinae,Cottus,carolinae,36.0807,-85.3243,,,,,,
Cottus_carolinae,Cottus,carolinae,36.084034,-85.32825,,,,,,
Cottus_carolinae,Cottus,carolinae,36.08403,-85.32825,,,,,,
Cottus_carolinae,Cottus,carolinae,35.4061,-85.3297,,,,,,
Cottus_carolinae,Cottus,carolinae,35.4061,-85.3297,,,,,,
Cottus_carolinae,Cottus,carolinae,34.10528,-85.33417,,,,,,
Cottus_carolinae,Cottus,carolinae,35.402,-85.3393,,,,,,
Cottus_carolinae,Cottus,carolinae,35.4017,-85.33933,,,,,,
Cottus_carolinae,Cottus,carolinae,36.8757,-85.3444,,,,,,
Cottus_carolinae,Cottus,carolinae,34.61861,-85.34695,,,,,,
Cottus_carolinae,Cottus,carolinae,34.80305,-85.34695,,,,,,
Cottus_carolinae,Cottus,carolinae,34.61861,-85.34695,,,,,,
Cottus_carolinae,Cottus,carolinae,36.0903,-85.3481,,,,,,
Cottus_carolinae,Cottus,carolinae,36.0903,-85.3481,,,,,,
Cottus_carolinae,Cottus,carolinae,35.3949,-85.3518,,,,,,
Cottus_carolinae,Cottus,carolinae,34.58472,-85.365,,,,,,
Cottus_carolinae,Cottus,carolinae,35.33139,-85.39194,,,,,,
Cottus_carolinae,Cottus,carolinae,35.7436,-85.3931,,,,,,
Cottus_carolinae,Cottus,carolinae,35.782917,-85.4039,,,,,,
Cottus_carolinae,Cottus,carolinae,35.78292,-85.4039,,,,,,
Cottus_carolinae,Cottus,carolinae,35.78323,-85.40477,,,,,,
Cottus_carolinae,Cottus,carolinae,35.783234,-85.40477,,,,,,
Cottus_carolinae,Cottus,carolinae,35.78253,-85.40508,,,,,,
Cottus_carolinae,Cottus,carolinae,35.78253,-85.40508,,,,,,
Cottus_carolinae,Cottus,carolinae,34.39944,-85.40889,,,,,,
Cottus_carolinae,Cottus,carolinae,33.76955,-85.42335,,,,,,
Cottus_carolinae,Cottus,carolinae,33.76955,-85.42335,,,,,,
Cottus_carolinae,Cottus,carolinae,35.8053,-85.4277,,,,,,
Cottus_carolinae,Cottus,carolinae,34.34528,-85.45611,,,,,,
Cottus_carolinae,Cottus,carolinae,37.3964,-85.4694,,,,,,
Cottus_carolinae,Cottus,carolinae,33.84528,-85.46944,,,,,,
Cottus_carolinae,Cottus,carolinae,37.1651,-85.4702,,,,,,
Cottus_carolinae,Cottus,carolinae,37.1651,-85.4702,,,,,,
Cottus_carolinae,Cottus,carolinae,34.46333,-85.47639,,,,,,
Cottus_carolinae,Cottus,carolinae,33.3674,-85.4768,,,,,,
Cottus_carolinae,Cottus,carolinae,34.39667,-85.48055,,,,,,
Cottus_carolinae,Cottus,carolinae,34.39667,-85.48055,,,,,,
Cottus_carolinae,Cottus,carolinae,34.39667,-85.48055,,,,,,
Cottus_carolinae,Cottus,carolinae,34.39667,-85.48055,,,,,,
Cottus_carolinae,Cottus,carolinae,34.3825,-85.49834,,,,,,
Cottus_carolinae,Cottus,carolinae,36.485,-85.50158,,,,,,
Cottus_carolinae,Cottus,carolinae,36.485,-85.5016,,,,,,
Cottus_carolinae,Cottus,carolinae,37.2538,-85.50253,,,,,,
Cottus_carolinae,Cottus,carolinae,37.2538,-85.50253,,,,,,
Cottus_carolinae,Cottus,carolinae,34.9931,-85.5089,,,,,,
Cottus_carolinae,Cottus,carolinae,34.9931,-85.5089,,,,,,
Cottus_carolinae,Cottus,carolinae,35.1106,-85.52672,,,,,,
Cottus_carolinae,Cottus,carolinae,35.111,-85.52672,,,,,,
Cottus_carolinae,Cottus,carolinae,36.7857,-85.5405,,,,,,
Cottus_carolinae,Cottus,carolinae,33.2256,-85.541,,,,,,
Cottus_carolinae,Cottus,carolinae,33.78833,-85.54694,,,,,,
Cottus_carolinae,Cottus,carolinae,33.78833,-85.54694,,,,,,
Cottus_carolinae,Cottus,carolinae,36.4942,-85.55057,,,,,,
Cottus_carolinae,Cottus,carolinae,36.4942,-85.55057,,,,,,
Cottus_carolinae,Cottus,carolinae,33.77056,-85.55556,,,,,,
Cottus_carolinae,Cottus,carolinae,33.77056,-85.55556,,,,,,
Cottus_carolinae,Cottus,carolinae,34.65528,-85.56084,,,,,,
Cottus_carolinae,Cottus,carolinae,35.750668,-85.5647,,,,,,
Cottus_carolinae,Cottus,carolinae,35.75067,-85.5647,,,,,,
Cottus_carolinae,Cottus,carolinae,37.3522,-85.5667,,,,,,
Cottus_carolinae,Cottus,carolinae,37.3522,-85.5667,,,,,,
Cottus_carolinae,Cottus,carolinae,33.75306,-85.57333,,,,,,
Cottus_carolinae,Cottus,carolinae,35.10528,-85.57694,,,,,,
Cottus_carolinae,Cottus,carolinae,35.70197,-85.57853,,,,,,
Cottus_carolinae,Cottus,carolinae,35.701965,-85.57853,,,,,,
Cottus_carolinae,Cottus,carolinae,34.63111,-85.57972,,,,,,
Cottus_carolinae,Cottus,carolinae,35.71007,-85.58107,,,,,,
Cottus_carolinae,Cottus,carolinae,35.710068,-85.58107,,,,,,
Cottus_carolinae,Cottus,carolinae,37.26583,-85.5825,,,,,,
Cottus_carolinae,Cottus,carolinae,35.73389,-85.59278,,,,,,
Cottus_carolinae,Cottus,carolinae,33.725,-85.60111,,,,,,
Cottus_carolinae,Cottus,carolinae,33.7256,-85.605,,,,,,
Cottus_carolinae,Cottus,carolinae,33.7256,-85.605,,,,,,
Cottus_carolinae,Cottus,carolinae,33.7256,-85.605,,,,,,
Cottus_carolinae,Cottus,carolinae,33.7256,-85.605,,,,,,
Cottus_carolinae,Cottus,carolinae,37.39083,-85.61028,,,,,,
Cottus_carolinae,Cottus,carolinae,34.0625,-85.61195,,,,,,
Cottus_carolinae,Cottus,carolinae,33.71338,-85.61825,,,,,,
Cottus_carolinae,Cottus,carolinae,33.713383,-85.61825,,,,,,
Cottus_carolinae,Cottus,carolinae,36.3632,-85.6195,,,,,,
Cottus_carolinae,Cottus,carolinae,37.2435,-85.6295,,,,,,
Cottus_carolinae,Cottus,carolinae,37.10028,-85.63416,,,,,,
Cottus_carolinae,Cottus,carolinae,33.82195,-85.6375,,,,,,
Cottus_carolinae,Cottus,carolinae,33.24306,-85.64306,,,,,,
Cottus_carolinae,Cottus,carolinae,37.4325,-85.64694,,,,,,
Cottus_carolinae,Cottus,carolinae,33.73833,-85.6575,,,,,,
Cottus_carolinae,Cottus,carolinae,33.73833,-85.6575,,,,,,
Cottus_carolinae,Cottus,carolinae,33.73833,-85.6575,,,,,,
Cottus_carolinae,Cottus,carolinae,33.73833,-85.6575,,,,,,
Cottus_carolinae,Cottus,carolinae,33.73833,-85.6575,,,,,,
Cottus_carolinae,Cottus,carolinae,33.73833,-85.6575,,,,,,
Cottus_carolinae,Cottus,carolinae,33.73833,-85.6575,,,,,,
Cottus_carolinae,Cottus,carolinae,33.73833,-85.6575,,,,,,
Cottus_carolinae,Cottus,carolinae,33.78944,-85.66028,,,,,,
Cottus_carolinae,Cottus,carolinae,33.78944,-85.66028,,,,,,
Cottus_carolinae,Cottus,carolinae,33.78944,-85.66028,,,,,,
Cottus_carolinae,Cottus,carolinae,33.747467,-85.667625,,,,,,
Cottus_carolinae,Cottus,carolinae,36.599445,-85.66889,,,,,,
Cottus_carolinae,Cottus,carolinae,33.74389,-85.66972,,,,,,
Cottus_carolinae,Cottus,carolinae,33.74389,-85.66972,,,,,,
Cottus_carolinae,Cottus,carolinae,33.74389,-85.66972,,,,,,
Cottus_carolinae,Cottus,carolinae,33.73056,-85.67973,,,,,,
Cottus_carolinae,Cottus,carolinae,33.73056,-85.67973,,,,,,
Cottus_carolinae,Cottus,carolinae,33.73056,-85.67973,,,,,,
Cottus_carolinae,Cottus,carolinae,33.73056,-85.67973,,,,,,
Cottus_carolinae,Cottus,carolinae,33.73056,-85.67973,,,,,,
Cottus_carolinae,Cottus,carolinae,33.73056,-85.67973,,,,,,
Cottus_carolinae,Cottus,carolinae,33.73056,-85.67973,,,,,,
Cottus_carolinae,Cottus,carolinae,33.73056,-85.67973,,,,,,
Cottus_carolinae,Cottus,carolinae,33.73056,-85.67973,,,,,,
Cottus_carolinae,Cottus,carolinae,33.73056,-85.67973,,,,,,
Cottus_carolinae,Cottus,carolinae,33.21917,-85.68111,,,,,,
Cottus_carolinae,Cottus,carolinae,37.218887,-85.681946,,,,,,
Cottus_carolinae,Cottus,carolinae,35.64444,-85.68833,,,,,,
Cottus_carolinae,Cottus,carolinae,35.521,-85.689,,,,,,
Cottus_carolinae,Cottus,carolinae,35.5208,-85.6894,,,,,,
Cottus_carolinae,Cottus,carolinae,33.78111,-85.69139,,,,,,
Cottus_carolinae,Cottus,carolinae,33.05528,-85.695,,,,,,
Cottus_carolinae,Cottus,carolinae,33.05528,-85.695,,,,,,
Cottus_carolinae,Cottus,carolinae,33.05528,-85.695,,,,,,
Cottus_carolinae,Cottus,carolinae,33.05528,-85.695,,,,,,
Cottus_carolinae,Cottus,carolinae,33.05528,-85.695,,,,,,
Cottus_carolinae,Cottus,carolinae,33.05528,-85.695,,,,,,
Cottus_carolinae,Cottus,carolinae,33.21,-85.69917,,,,,,
Cottus_carolinae,Cottus,carolinae,37.584,-85.7001,,,,,,
Cottus_carolinae,Cottus,carolinae,33.21917,-85.715,,,,,,
Cottus_carolinae,Cottus,carolinae,33.21806,-85.72334,,,,,,
Cottus_carolinae,Cottus,carolinae,33.62361,-85.72611,,,,,,
Cottus_carolinae,Cottus,carolinae,33.62361,-85.72611,,,,,,
Cottus_carolinae,Cottus,carolinae,36.80695,-85.73473,,,,,,
Cottus_carolinae,Cottus,carolinae,33.20945,-85.73917,,,,,,
Cottus_carolinae,Cottus,carolinae,36.74528,-85.745,,,,,,
Cottus_carolinae,Cottus,carolinae,32.98694,-85.75306,,,,,,
Cottus_carolinae,Cottus,carolinae,33.5892,-85.7537,,,,,,
Cottus_carolinae,Cottus,carolinae,35.7983,-85.76567,,,,,,
Cottus_carolinae,Cottus,carolinae,35.798,-85.76567,,,,,,
Cottus_carolinae,Cottus,carolinae,34.43833,-85.76694,,,,,,
Cottus_carolinae,Cottus,carolinae,34.43833,-85.76694,,,,,,
Cottus_carolinae,Cottus,carolinae,37.3194,-85.7708,,,,,,
Cottus_carolinae,Cottus,carolinae,37.3194,-85.7708,,,,,,
Cottus_carolinae,Cottus,carolinae,36.59833,-85.77556,,,,,,
Cottus_carolinae,Cottus,carolinae,36.5865,-85.7774,,,,,,
Cottus_carolinae,Cottus,carolinae,35.72,-85.78,,,,,,
Cottus_carolinae,Cottus,carolinae,35.7242,-85.7839,,,,,,
Cottus_carolinae,Cottus,carolinae,35.7242,-85.7839,,,,,,
Cottus_carolinae,Cottus,carolinae,35.8169,-85.7906,,,,,,
Cottus_carolinae,Cottus,carolinae,36.154366,-85.7942,,,,,,
Cottus_carolinae,Cottus,carolinae,36.15437,-85.7942,,,,,,
Cottus_carolinae,Cottus,carolinae,36.14,-85.8021,,,,,,
Cottus_carolinae,Cottus,carolinae,37.2867,-85.808,,,,,,
Cottus_carolinae,Cottus,carolinae,35.73015,-85.813965,,,,,,
Cottus_carolinae,Cottus,carolinae,35.73015,-85.81397,,,,,,
Cottus_carolinae,Cottus,carolinae,35.62843,-85.82093,,,,,,
Cottus_carolinae,Cottus,carolinae,35.628433,-85.82093,,,,,,
Cottus_carolinae,Cottus,carolinae,37.01611,-85.82528,,,,,,
Cottus_carolinae,Cottus,carolinae,35.72418,-85.83272,,,,,,
Cottus_carolinae,Cottus,carolinae,35.724182,-85.83272,,,,,,
Cottus_carolinae,Cottus,carolinae,35.534218,-85.83362,,,,,,
Cottus_carolinae,Cottus,carolinae,35.53422,-85.83362,,,,,,
Cottus_carolinae,Cottus,carolinae,36.88667,-85.8475,,,,,,
Cottus_carolinae,Cottus,carolinae,35.5761,-85.8504,,,,,,
Cottus_carolinae,Cottus,carolinae,32.98833,-85.85306,,,,,,
Cottus_carolinae,Cottus,carolinae,35.53645,-85.8574,,,,,,
Cottus_carolinae,Cottus,carolinae,35.53645,-85.8574,,,,,,
Cottus_carolinae,Cottus,carolinae,37.5651,-85.8672,,,,,,
Cottus_carolinae,Cottus,carolinae,37.5651,-85.8672,,,,,,
Cottus_carolinae,Cottus,carolinae,37.5651,-85.8679,,,,,,
Cottus_carolinae,Cottus,carolinae,37.5651,-85.8679,,,,,,
Cottus_carolinae,Cottus,carolinae,35.29667,-85.86972,,,,,,
Cottus_carolinae,Cottus,carolinae,36.3115,-85.8767,,,,,,
Cottus_carolinae,Cottus,carolinae,37.2683,-85.8857,,,,,,
Cottus_carolinae,Cottus,carolinae,37.2683,-85.8857,,,,,,
Cottus_carolinae,Cottus,carolinae,37.2689,-85.8858,,,,,,
Cottus_carolinae,Cottus,carolinae,37.2689,-85.8858,,,,,,
Cottus_carolinae,Cottus,carolinae,36.605835,-85.89,,,,,,
Cottus_carolinae,Cottus,carolinae,38.976944,-85.901665,,,,,,
Cottus_carolinae,Cottus,carolinae,35.065968,-85.91773,,,,,,
Cottus_carolinae,Cottus,carolinae,35.06597,-85.91773,,,,,,
Cottus_carolinae,Cottus,carolinae,36.80472,-85.91805,,,,,,
Cottus_carolinae,Cottus,carolinae,36.80472,-85.91805,,,,,,
Cottus_carolinae,Cottus,carolinae,33.59611,-85.92333,,,,,,
Cottus_carolinae,Cottus,carolinae,33.59611,-85.92333,,,,,,
Cottus_carolinae,Cottus,carolinae,35.9777,-85.9253,,,,,,
Cottus_carolinae,Cottus,carolinae,32.63556,-85.92834,,,,,,
Cottus_carolinae,Cottus,carolinae,35.993,-85.9292,,,,,,
Cottus_carolinae,Cottus,carolinae,35.9433,-85.9296,,,,,,
Cottus_carolinae,Cottus,carolinae,32.64889,-85.9475,,,,,,
Cottus_carolinae,Cottus,carolinae,32.64889,-85.9475,,,,,,
Cottus_carolinae,Cottus,carolinae,32.64889,-85.9475,,,,,,
Cottus_carolinae,Cottus,carolinae,32.64889,-85.9475,,,,,,
Cottus_carolinae,Cottus,carolinae,32.64889,-85.9475,,,,,,
Cottus_carolinae,Cottus,carolinae,32.64889,-85.9475,,,,,,
Cottus_carolinae,Cottus,carolinae,36.0635,-85.94808,,,,,,
Cottus_carolinae,Cottus,carolinae,36.0635,-85.9481,,,,,,
Cottus_carolinae,Cottus,carolinae,35.69767,-85.95593,,,,,,
Cottus_carolinae,Cottus,carolinae,35.697666,-85.95593,,,,,,
Cottus_carolinae,Cottus,carolinae,36.69417,-85.95639,,,,,,
Cottus_carolinae,Cottus,carolinae,36.1802,-85.9702,,,,,,
Cottus_carolinae,Cottus,carolinae,32.68778,-85.97111,,,,,,
Cottus_carolinae,Cottus,carolinae,32.68778,-85.97111,,,,,,
Cottus_carolinae,Cottus,carolinae,32.68778,-85.97111,,,,,,
Cottus_carolinae,Cottus,carolinae,35.4175,-85.9865,,,,,,
Cottus_carolinae,Cottus,carolinae,35.5,-86,,,,,,
Cottus_carolinae,Cottus,carolinae,35.5,-86,,,,,,
Cottus_carolinae,Cottus,carolinae,33.512184,-86.0208,,,,,,
Cottus_carolinae,Cottus,carolinae,33.51218,-86.0208,,,,,,
Cottus_carolinae,Cottus,carolinae,33.47,-86.0325,,,,,,
Cottus_carolinae,Cottus,carolinae,35.8322,-86.0358,,,,,,
Cottus_carolinae,Cottus,carolinae,33.54445,-86.04139,,,,,,
Cottus_carolinae,Cottus,carolinae,33.54417,-86.04139,,,,,,
Cottus_carolinae,Cottus,carolinae,33.54417,-86.04139,,,,,,
Cottus_carolinae,Cottus,carolinae,33.5375,-86.04166,,,,,,
Cottus_carolinae,Cottus,carolinae,33.53417,-86.04195,,,,,,
Cottus_carolinae,Cottus,carolinae,33.53417,-86.04195,,,,,,
Cottus_carolinae,Cottus,carolinae,33.53417,-86.04195,,,,,,
Cottus_carolinae,Cottus,carolinae,33.53417,-86.04195,,,,,,
Cottus_carolinae,Cottus,carolinae,33.53417,-86.04195,,,,,,
Cottus_carolinae,Cottus,carolinae,33.53417,-86.04195,,,,,,
Cottus_carolinae,Cottus,carolinae,33.53417,-86.04195,,,,,,
Cottus_carolinae,Cottus,carolinae,33.53417,-86.04195,,,,,,
Cottus_carolinae,Cottus,carolinae,33.53417,-86.04195,,,,,,
Cottus_carolinae,Cottus,carolinae,33.53417,-86.04195,,,,,,
Cottus_carolinae,Cottus,carolinae,33.53417,-86.04195,,,,,,
Cottus_carolinae,Cottus,carolinae,33.53417,-86.04195,,,,,,
Cottus_carolinae,Cottus,carolinae,33.53417,-86.04195,,,,,,
Cottus_carolinae,Cottus,carolinae,36.3682,-86.0489,,,,,,
Cottus_carolinae,Cottus,carolinae,33.24556,-86.05556,,,,,,
Cottus_carolinae,Cottus,carolinae,37.33545,-86.056915,,,,,,
Cottus_carolinae,Cottus,carolinae,37.33545,-86.05692,,,,,,
Cottus_carolinae,Cottus,carolinae,33.69083,-86.07027,,,,,,
Cottus_carolinae,Cottus,carolinae,33.69083,-86.07027,,,,,,
Cottus_carolinae,Cottus,carolinae,35.9771,-86.0708,,,,,,
Cottus_carolinae,Cottus,carolinae,36.87389,-86.07584,,,,,,
Cottus_carolinae,Cottus,carolinae,33.72167,-86.07806,,,,,,
Cottus_carolinae,Cottus,carolinae,36.7115,-86.0823,,,,,,
Cottus_carolinae,Cottus,carolinae,36.2018,-86.0854,,,,,,
Cottus_carolinae,Cottus,carolinae,35.91,-86.1,,,,,,
Cottus_carolinae,Cottus,carolinae,36.4143,-86.101,,,,,,
Cottus_carolinae,Cottus,carolinae,33.70528,-86.10278,,,,,,
Cottus_carolinae,Cottus,carolinae,37.28,-86.1181,,,,,,
Cottus_carolinae,Cottus,carolinae,37.28,-86.1181,,,,,,
Cottus_carolinae,Cottus,carolinae,37.28,-86.1181,,,,,,
Cottus_carolinae,Cottus,carolinae,37.28,-86.1181,,,,,,
Cottus_carolinae,Cottus,carolinae,34.03444,-86.11964,,,,,,
Cottus_carolinae,Cottus,carolinae,37.958,-86.1219,,,,,,
Cottus_carolinae,Cottus,carolinae,37.346,-86.1239,,,,,,
Cottus_carolinae,Cottus,carolinae,36.77528,-86.17445,,,,,,
Cottus_carolinae,Cottus,carolinae,35.2875,-86.1884,,,,,,
Cottus_carolinae,Cottus,carolinae,35.2875,-86.1884,,,,,,
Cottus_carolinae,Cottus,carolinae,37.57595,-86.216,,,,,,
Cottus_carolinae,Cottus,carolinae,37.57595,-86.216,,,,,,
Cottus_carolinae,Cottus,carolinae,35.9513,-86.21885,,,,,,
Cottus_carolinae,Cottus,carolinae,35.9513,-86.21885,,,,,,
Cottus_carolinae,Cottus,carolinae,32.47194,-86.22889,,,,,,
Cottus_carolinae,Cottus,carolinae,36.7028,-86.2475,,,,,,
Cottus_carolinae,Cottus,carolinae,36.7028,-86.2475,,,,,,
Cottus_carolinae,Cottus,carolinae,36.7023,-86.2477,,,,,,
Cottus_carolinae,Cottus,carolinae,36.70222,-86.24778,,,,,,
Cottus_carolinae,Cottus,carolinae,36.70222,-86.24778,,,,,,
Cottus_carolinae,Cottus,carolinae,36.7039,-86.2478,,,,,,
Cottus_carolinae,Cottus,carolinae,36.7039,-86.2478,,,,,,
Cottus_carolinae,Cottus,carolinae,33.5,-86.25,,,,,,
Cottus_carolinae,Cottus,carolinae,33.5,-86.25,,,,,,
Cottus_carolinae,Cottus,carolinae,33.10194,-86.25027,,,,,,
Cottus_carolinae,Cottus,carolinae,37.6102,-86.2593,,,,,,
Cottus_carolinae,Cottus,carolinae,36.6944,-86.2597,,,,,,
Cottus_carolinae,Cottus,carolinae,36.6944,-86.2597,,,,,,
Cottus_carolinae,Cottus,carolinae,34.62503,-86.26658,,,,,,
Cottus_carolinae,Cottus,carolinae,34.625034,-86.26659,,,,,,
Cottus_carolinae,Cottus,carolinae,36.96611,-86.2675,,,,,,
Cottus_carolinae,Cottus,carolinae,33.77806,-86.28028,,,,,,
Cottus_carolinae,Cottus,carolinae,35.9277,-86.2898,,,,,,
Cottus_carolinae,Cottus,carolinae,36.744446,-86.291115,,,,,,
Cottus_carolinae,Cottus,carolinae,35.44227,-86.30173,,,,,,
Cottus_carolinae,Cottus,carolinae,35.44227,-86.301735,,,,,,
Cottus_carolinae,Cottus,carolinae,33.87861,-86.30417,,,,,,
Cottus_carolinae,Cottus,carolinae,35.12115,-86.30563,,,,,,
Cottus_carolinae,Cottus,carolinae,35.12115,-86.30563,,,,,,
Cottus_carolinae,Cottus,carolinae,35.12107,-86.3058,,,,,,
Cottus_carolinae,Cottus,carolinae,35.121067,-86.3058,,,,,,
Cottus_carolinae,Cottus,carolinae,36.4769,-86.3139,,,,,,
Cottus_carolinae,Cottus,carolinae,36.4769,-86.3139,,,,,,
Cottus_carolinae,Cottus,carolinae,36.78333,-86.31416,,,,,,
Cottus_carolinae,Cottus,carolinae,35.4475,-86.32917,,,,,,
Cottus_carolinae,Cottus,carolinae,36.82722,-86.33139,,,,,,
Cottus_carolinae,Cottus,carolinae,35.9427,-86.3773,,,,,,
Cottus_carolinae,Cottus,carolinae,35.942127,-86.37741,,,,,,
Cottus_carolinae,Cottus,carolinae,35.941387,-86.37778,,,,,,
Cottus_carolinae,Cottus,carolinae,35.9417,-86.3778,,,,,,
Cottus_carolinae,Cottus,carolinae,35.9417,-86.3778,,,,,,
Cottus_carolinae,Cottus,carolinae,35.46972,-86.37805,,,,,,
Cottus_carolinae,Cottus,carolinae,35.94139,-86.37833,,,,,,
Cottus_carolinae,Cottus,carolinae,35.94139,-86.37833,,,,,,
Cottus_carolinae,Cottus,carolinae,35.46861,-86.37945,,,,,,
Cottus_carolinae,Cottus,carolinae,35.967777,-86.38084,,,,,,
Cottus_carolinae,Cottus,carolinae,36.81833,-86.39445,,,,,,
Cottus_carolinae,Cottus,carolinae,34.917866,-86.40262,,,,,,
Cottus_carolinae,Cottus,carolinae,34.91787,-86.40262,,,,,,
Cottus_carolinae,Cottus,carolinae,33.98611,-86.4425,,,,,,
Cottus_carolinae,Cottus,carolinae,35.7225,-86.44527,,,,,,
Cottus_carolinae,Cottus,carolinae,35.04313,-86.44722,,,,,,
Cottus_carolinae,Cottus,carolinae,35.043133,-86.44722,,,,,,
Cottus_carolinae,Cottus,carolinae,36.75444,-86.4475,,,,,,
Cottus_carolinae,Cottus,carolinae,36.5785,-86.4581,,,,,,
Cottus_carolinae,Cottus,carolinae,35.475277,-86.459724,,,,,,
Cottus_carolinae,Cottus,carolinae,35.94,-86.4653,,,,,,
Cottus_carolinae,Cottus,carolinae,35.475277,-86.46667,,,,,,
Cottus_carolinae,Cottus,carolinae,35.13361,-86.48556,,,,,,
Cottus_carolinae,Cottus,carolinae,33.2552,-86.488,,,,,,
Cottus_carolinae,Cottus,carolinae,35.483,-86.5,,,,,,
Cottus_carolinae,Cottus,carolinae,35.483,-86.5,,,,,,
Cottus_carolinae,Cottus,carolinae,35.564335,-86.51648,,,,,,
Cottus_carolinae,Cottus,carolinae,35.56433,-86.51648,,,,,,
Cottus_carolinae,Cottus,carolinae,35.55227,-86.5345,,,,,,
Cottus_carolinae,Cottus,carolinae,35.552265,-86.5345,,,,,,
Cottus_carolinae,Cottus,carolinae,33.54833,-86.54417,,,,,,
Cottus_carolinae,Cottus,carolinae,35.15972,-86.55778,,,,,,
Cottus_carolinae,Cottus,carolinae,35.15944,-86.55833,,,,,,
Cottus_carolinae,Cottus,carolinae,35.92,-86.56,,,,,,
Cottus_carolinae,Cottus,carolinae,33.54,-86.56028,,,,,,
Cottus_carolinae,Cottus,carolinae,33.54,-86.56028,,,,,,
Cottus_carolinae,Cottus,carolinae,33.87611,-86.56861,,,,,,
Cottus_carolinae,Cottus,carolinae,33.87611,-86.56861,,,,,,
Cottus_carolinae,Cottus,carolinae,35.14222,-86.56944,,,,,,
Cottus_carolinae,Cottus,carolinae,37.0533,-86.5961,,,,,,
Cottus_carolinae,Cottus,carolinae,37.0533,-86.5961,,,,,,
Cottus_carolinae,Cottus,carolinae,33.92,-86.6075,,,,,,
Cottus_carolinae,Cottus,carolinae,33.7708,-86.6306,,,,,,
Cottus_carolinae,Cottus,carolinae,33.7708,-86.6306,,,,,,
Cottus_carolinae,Cottus,carolinae,33.77,-86.63084,,,,,,
Cottus_carolinae,Cottus,carolinae,33.77,-86.63084,,,,,,
Cottus_carolinae,Cottus,carolinae,33.67472,-86.63333,,,,,,
Cottus_carolinae,Cottus,carolinae,33.6888,-86.65429,,,,,,
Cottus_carolinae,Cottus,carolinae,33.6994,-86.6728,,,,,,
Cottus_carolinae,Cottus,carolinae,33.6994,-86.6728,,,,,,
Cottus_carolinae,Cottus,carolinae,33.68083,-86.67555,,,,,,
Cottus_carolinae,Cottus,carolinae,33.69972,-86.67555,,,,,,
Cottus_carolinae,Cottus,carolinae,33.69972,-86.67555,,,,,,
Cottus_carolinae,Cottus,carolinae,33.69957,-86.67623,,,,,,
Cottus_carolinae,Cottus,carolinae,33.68195,-86.68222,,,,,,
Cottus_carolinae,Cottus,carolinae,33.68195,-86.68222,,,,,,
Cottus_carolinae,Cottus,carolinae,33.68195,-86.68222,,,,,,
Cottus_carolinae,Cottus,carolinae,33.79361,-86.68611,,,,,,
Cottus_carolinae,Cottus,carolinae,33.69917,-86.68667,,,,,,
Cottus_carolinae,Cottus,carolinae,33.69917,-86.68667,,,,,,
Cottus_carolinae,Cottus,carolinae,33.7931,-86.6867,,,,,,
Cottus_carolinae,Cottus,carolinae,33.69667,-86.68694,,,,,,
Cottus_carolinae,Cottus,carolinae,33.69667,-86.68694,,,,,,
Cottus_carolinae,Cottus,carolinae,33.69667,-86.68694,,,,,,
Cottus_carolinae,Cottus,carolinae,33.793,-86.687,,,,,,
Cottus_carolinae,Cottus,carolinae,36.6595,-86.6902,,,,,,
Cottus_carolinae,Cottus,carolinae,36.6595,-86.6902,,,,,,
Cottus_carolinae,Cottus,carolinae,33.7022,-86.6908,,,,,,
Cottus_carolinae,Cottus,carolinae,33.7022,-86.6908,,,,,,
Cottus_carolinae,Cottus,carolinae,33.7022,-86.6908,,,,,,
Cottus_carolinae,Cottus,carolinae,33.7022,-86.6908,,,,,,
Cottus_carolinae,Cottus,carolinae,35.58855,-86.6989,,,,,,
Cottus_carolinae,Cottus,carolinae,35.58855,-86.699,,,,,,
Cottus_carolinae,Cottus,carolinae,35.83167,-86.69945,,,,,,
Cottus_carolinae,Cottus,carolinae,36.9711,-86.7,,,,,,
Cottus_carolinae,Cottus,carolinae,36.9711,-86.7,,,,,,
Cottus_carolinae,Cottus,carolinae,36.4703,-86.7143,,,,,,
Cottus_carolinae,Cottus,carolinae,36.6808,-86.7292,,,,,,
Cottus_carolinae,Cottus,carolinae,36.6808,-86.7292,,,,,,
Cottus_carolinae,Cottus,carolinae,33.35972,-86.73556,,,,,,
Cottus_carolinae,Cottus,carolinae,36.89528,-86.73556,,,,,,
Cottus_carolinae,Cottus,carolinae,33.60028,-86.75611,,,,,,
Cottus_carolinae,Cottus,carolinae,35.50452,-86.768,,,,,,
Cottus_carolinae,Cottus,carolinae,35.504517,-86.768,,,,,,
Cottus_carolinae,Cottus,carolinae,36.9042,-86.7683,,,,,,
Cottus_carolinae,Cottus,carolinae,36.9042,-86.7683,,,,,,
Cottus_carolinae,Cottus,carolinae,33.33306,-86.78,,,,,,
Cottus_carolinae,Cottus,carolinae,33.33306,-86.78,,,,,,
Cottus_carolinae,Cottus,carolinae,36.67,-86.7875,,,,,,
Cottus_carolinae,Cottus,carolinae,36.67,-86.7875,,,,,,
Cottus_carolinae,Cottus,carolinae,35.05,-86.8,,,,,,
Cottus_carolinae,Cottus,carolinae,33.92528,-86.80639,,,,,,
Cottus_carolinae,Cottus,carolinae,33.92389,-86.80722,,,,,,
Cottus_carolinae,Cottus,carolinae,34.69056,-86.83056,,,,,,
Cottus_carolinae,Cottus,carolinae,33.12361,-86.84444,,,,,,
Cottus_carolinae,Cottus,carolinae,36.7036,-86.8478,,,,,,
Cottus_carolinae,Cottus,carolinae,36.7036,-86.8478,,,,,,
Cottus_carolinae,Cottus,carolinae,35.64293,-86.85458,,,,,,
Cottus_carolinae,Cottus,carolinae,35.642933,-86.85458,,,,,,
Cottus_carolinae,Cottus,carolinae,35.53,-86.86,,,,,,
Cottus_carolinae,Cottus,carolinae,32.74722,-86.8625,,,,,,
Cottus_carolinae,Cottus,carolinae,33.08667,-86.87305,,,,,,
Cottus_carolinae,Cottus,carolinae,33.28472,-86.8825,,,,,,
Cottus_carolinae,Cottus,carolinae,33.28444,-86.88277,,,,,,
Cottus_carolinae,Cottus,carolinae,33.28444,-86.88277,,,,,,
Cottus_carolinae,Cottus,carolinae,33.28444,-86.88277,,,,,,
Cottus_carolinae,Cottus,carolinae,33.28444,-86.88277,,,,,,
Cottus_carolinae,Cottus,carolinae,33.28444,-86.88277,,,,,,
Cottus_carolinae,Cottus,carolinae,33.28444,-86.88277,,,,,,
Cottus_carolinae,Cottus,carolinae,34.7885,-86.8919,,,,,,
Cottus_carolinae,Cottus,carolinae,34.7885,-86.892,,,,,,
Cottus_carolinae,Cottus,carolinae,36.6671,-86.8971,,,,,,
Cottus_carolinae,Cottus,carolinae,36.6671,-86.8971,,,,,,
Cottus_carolinae,Cottus,carolinae,33.043,-86.9062,,,,,,
Cottus_carolinae,Cottus,carolinae,34.73032,-86.90948,,,,,,
Cottus_carolinae,Cottus,carolinae,34.730316,-86.909485,,,,,,
Cottus_carolinae,Cottus,carolinae,36.6782,-86.9321,,,,,,
Cottus_carolinae,Cottus,carolinae,36.6782,-86.9321,,,,,,
Cottus_carolinae,Cottus,carolinae,35.045277,-86.950554,,,,,,
Cottus_carolinae,Cottus,carolinae,32.97222,-86.95889,,,,,,
Cottus_carolinae,Cottus,carolinae,36.7556,-86.9653,,,,,,
Cottus_carolinae,Cottus,carolinae,36.7556,-86.9653,,,,,,
Cottus_carolinae,Cottus,carolinae,36.6714,-86.9658,,,,,,
Cottus_carolinae,Cottus,carolinae,36.6714,-86.9658,,,,,,
Cottus_carolinae,Cottus,carolinae,32.97667,-86.97945,,,,,,
Cottus_carolinae,Cottus,carolinae,36.8144,-86.987,,,,,,
Cottus_carolinae,Cottus,carolinae,35.71722,-86.99555,,,,,,
Cottus_carolinae,Cottus,carolinae,35.71722,-86.99555,,,,,,
Cottus_carolinae,Cottus,carolinae,35.71722,-86.99555,,,,,,
Cottus_carolinae,Cottus,carolinae,35.71722,-86.99555,,,,,,
Cottus_carolinae,Cottus,carolinae,35.71722,-86.99555,,,,,,
Cottus_carolinae,Cottus,carolinae,35.71722,-86.99555,,,,,,
Cottus_carolinae,Cottus,carolinae,35.71722,-86.99555,,,,,,
Cottus_carolinae,Cottus,carolinae,35.717575,-86.99571,,,,,,
Cottus_carolinae,Cottus,carolinae,35.717575,-86.99571,,,,,,
Cottus_carolinae,Cottus,carolinae,35.717575,-86.99571,,,,,,
Cottus_carolinae,Cottus,carolinae,33.33445,-86.99639,,,,,,
Cottus_carolinae,Cottus,carolinae,33.00778,-87.00389,,,,,,
Cottus_carolinae,Cottus,carolinae,33.00778,-87.00389,,,,,,
Cottus_carolinae,Cottus,carolinae,33.3475,-87.02167,,,,,,
Cottus_carolinae,Cottus,carolinae,33.3475,-87.02167,,,,,,
Cottus_carolinae,Cottus,carolinae,33.0575,-87.02361,,,,,,
Cottus_carolinae,Cottus,carolinae,36.00917,-87.02805,,,,,,
Cottus_carolinae,Cottus,carolinae,38.974983,-87.06198,,,,,,
Cottus_carolinae,Cottus,carolinae,38.97498,-87.06198,,,,,,
Cottus_carolinae,Cottus,carolinae,33.01889,-87.07806,,,,,,
Cottus_carolinae,Cottus,carolinae,33.01889,-87.07806,,,,,,
Cottus_carolinae,Cottus,carolinae,33.01889,-87.07806,,,,,,
Cottus_carolinae,Cottus,carolinae,33.01889,-87.07806,,,,,,
Cottus_carolinae,Cottus,carolinae,33.01889,-87.07806,,,,,,
Cottus_carolinae,Cottus,carolinae,32.31611,-87.09333,,,,,,
Cottus_carolinae,Cottus,carolinae,33.01,-87.105,,,,,,
Cottus_carolinae,Cottus,carolinae,33.03932,-87.12272,,,,,,
Cottus_carolinae,Cottus,carolinae,33.03972,-87.12444,,,,,,
Cottus_carolinae,Cottus,carolinae,33.03972,-87.12444,,,,,,
Cottus_carolinae,Cottus,carolinae,33.03972,-87.12444,,,,,,
Cottus_carolinae,Cottus,carolinae,33.03972,-87.12444,,,,,,
Cottus_carolinae,Cottus,carolinae,32.90556,-87.13,,,,,,
Cottus_carolinae,Cottus,carolinae,35.403057,-87.130554,,,,,,
Cottus_carolinae,Cottus,carolinae,35.403057,-87.130554,,,,,,
Cottus_carolinae,Cottus,carolinae,36.085278,-87.131386,,,,,,
Cottus_carolinae,Cottus,carolinae,34.76315,-87.13205,,,,,,
Cottus_carolinae,Cottus,carolinae,34.76315,-87.13205,,,,,,
Cottus_carolinae,Cottus,carolinae,32.95917,-87.13972,,,,,,
Cottus_carolinae,Cottus,carolinae,32.95917,-87.13972,,,,,,
Cottus_carolinae,Cottus,carolinae,32.95917,-87.13972,,,,,,
Cottus_carolinae,Cottus,carolinae,32.938057,-87.144165,,,,,,
Cottus_carolinae,Cottus,carolinae,33.01305,-87.15056,,,,,,
Cottus_carolinae,Cottus,carolinae,33.01305,-87.15056,,,,,,
Cottus_carolinae,Cottus,carolinae,35.50345,-87.2316,,,,,,
Cottus_carolinae,Cottus,carolinae,35.50345,-87.23164,,,,,,
Cottus_carolinae,Cottus,carolinae,35.4875,-87.23583,,,,,,
Cottus_carolinae,Cottus,carolinae,35.4875,-87.23583,,,,,,
Cottus_carolinae,Cottus,carolinae,35.4875,-87.23583,,,,,,
Cottus_carolinae,Cottus,carolinae,35.4875,-87.23583,,,,,,
Cottus_carolinae,Cottus,carolinae,35.4875,-87.23583,,,,,,
Cottus_carolinae,Cottus,carolinae,35.4875,-87.23583,,,,,,
Cottus_carolinae,Cottus,carolinae,35.4875,-87.23583,,,,,,
Cottus_carolinae,Cottus,carolinae,35.4875,-87.23583,,,,,,
Cottus_carolinae,Cottus,carolinae,34.48777,-87.2366,,,,,,
Cottus_carolinae,Cottus,carolinae,35.09778,-87.28194,,,,,,
Cottus_carolinae,Cottus,carolinae,36.14305,-87.28694,,,,,,
Cottus_carolinae,Cottus,carolinae,35.526134,-87.29585,,,,,,
Cottus_carolinae,Cottus,carolinae,35.52613,-87.29585,,,,,,
Cottus_carolinae,Cottus,carolinae,36.7467,-87.3026,,,,,,
Cottus_carolinae,Cottus,carolinae,36.7683,-87.3333,,,,,,
Cottus_carolinae,Cottus,carolinae,36.7683,-87.3333,,,,,,
Cottus_carolinae,Cottus,carolinae,35.887,-87.345,,,,,,
Cottus_carolinae,Cottus,carolinae,35.8928,-87.35,,,,,,
Cottus_carolinae,Cottus,carolinae,31.56194,-87.35056,,,,,,
Cottus_carolinae,Cottus,carolinae,35.8929,-87.3506,,,,,,
Cottus_carolinae,Cottus,carolinae,36.6686,-87.3553,,,,,,
Cottus_carolinae,Cottus,carolinae,36.6686,-87.3553,,,,,,
Cottus_carolinae,Cottus,carolinae,36.6436,-87.3585,,,,,,
Cottus_carolinae,Cottus,carolinae,36.6436,-87.3585,,,,,,
Cottus_carolinae,Cottus,carolinae,35.36389,-87.36806,,,,,,
Cottus_carolinae,Cottus,carolinae,36.6516,-87.3777,,,,,,
Cottus_carolinae,Cottus,carolinae,35.375607,-87.377846,,,,,,
Cottus_carolinae,Cottus,carolinae,35.56167,-87.38583,,,,,,
Cottus_carolinae,Cottus,carolinae,35.56722,-87.41556,,,,,,
Cottus_carolinae,Cottus,carolinae,34.875,-87.4325,,,,,,
Cottus_carolinae,Cottus,carolinae,35.995,-87.43945,,,,,,
Cottus_carolinae,Cottus,carolinae,35.91797,-87.45602,,,,,,
Cottus_carolinae,Cottus,carolinae,35.91797,-87.45602,,,,,,
Cottus_carolinae,Cottus,carolinae,35.21222,-87.48028,,,,,,
Cottus_carolinae,Cottus,carolinae,35.21222,-87.48028,,,,,,
Cottus_carolinae,Cottus,carolinae,35.10589,-87.49749,,,,,,
Cottus_carolinae,Cottus,carolinae,35.6817,-87.5025,,,,,,
Cottus_carolinae,Cottus,carolinae,35.10818,-87.503,,,,,,
Cottus_carolinae,Cottus,carolinae,35.10818,-87.50302,,,,,,
Cottus_carolinae,Cottus,carolinae,35.10833,-87.50333,,,,,,
Cottus_carolinae,Cottus,carolinae,35.10833,-87.50333,,,,,,
Cottus_carolinae,Cottus,carolinae,35.10833,-87.50333,,,,,,
Cottus_carolinae,Cottus,carolinae,35.108612,-87.503426,,,,,,
Cottus_carolinae,Cottus,carolinae,35.108612,-87.503426,,,,,,
Cottus_carolinae,Cottus,carolinae,35.415,-87.51028,,,,,,
Cottus_carolinae,Cottus,carolinae,35.463,-87.5347,,,,,,
Cottus_carolinae,Cottus,carolinae,35.455276,-87.53972,,,,,,
Cottus_carolinae,Cottus,carolinae,36.225,-87.54333,,,,,,
Cottus_carolinae,Cottus,carolinae,34.8367,-87.5569,,,,,,
Cottus_carolinae,Cottus,carolinae,34.8367,-87.5569,,,,,,
Cottus_carolinae,Cottus,carolinae,35.44917,-87.56889,,,,,,
Cottus_carolinae,Cottus,carolinae,35.02074,-87.57733,,,,,,
Cottus_carolinae,Cottus,carolinae,35.02074,-87.57733,,,,,,
Cottus_carolinae,Cottus,carolinae,35.024265,-87.57882,,,,,,
Cottus_carolinae,Cottus,carolinae,35.04583,-87.5925,,,,,,
Cottus_carolinae,Cottus,carolinae,35.04583,-87.5925,,,,,,
Cottus_carolinae,Cottus,carolinae,35.04583,-87.5925,,,,,,
Cottus_carolinae,Cottus,carolinae,35.04583,-87.5925,,,,,,
Cottus_carolinae,Cottus,carolinae,35.04583,-87.5925,,,,,,
Cottus_carolinae,Cottus,carolinae,35.04583,-87.5925,,,,,,
Cottus_carolinae,Cottus,carolinae,34.95361,-87.59333,,,,,,
Cottus_carolinae,Cottus,carolinae,34.946945,-87.59583,,,,,,
Cottus_carolinae,Cottus,carolinae,34.980278,-87.59639,,,,,,
Cottus_carolinae,Cottus,carolinae,34.98583,-87.61555,,,,,,
Cottus_carolinae,Cottus,carolinae,34.9819,-87.6158,,,,,,
Cottus_carolinae,Cottus,carolinae,31.24417,-87.61611,,,,,,
Cottus_carolinae,Cottus,carolinae,35.18778,-87.6175,,,,,,
Cottus_carolinae,Cottus,carolinae,35.18778,-87.6175,,,,,,
Cottus_carolinae,Cottus,carolinae,35.18778,-87.6175,,,,,,
Cottus_carolinae,Cottus,carolinae,35.23474,-87.624405,,,,,,
Cottus_carolinae,Cottus,carolinae,35.24618,-87.62866,,,,,,
Cottus_carolinae,Cottus,carolinae,34.9917,-87.6347,,,,,,
Cottus_carolinae,Cottus,carolinae,34.9917,-87.6347,,,,,,
Cottus_carolinae,Cottus,carolinae,35.0623,-87.6378,,,,,,
Cottus_carolinae,Cottus,carolinae,35.18639,-87.64027,,,,,,
Cottus_carolinae,Cottus,carolinae,35.18639,-87.64027,,,,,,
Cottus_carolinae,Cottus,carolinae,35.24778,-87.64027,,,,,,
Cottus_carolinae,Cottus,carolinae,35.18639,-87.64027,,,,,,
Cottus_carolinae,Cottus,carolinae,35.36487,-87.64533,,,,,,
Cottus_carolinae,Cottus,carolinae,35.36487,-87.64533,,,,,,
Cottus_carolinae,Cottus,carolinae,35.33023,-87.65828,,,,,,
Cottus_carolinae,Cottus,carolinae,35.330235,-87.65828,,,,,,
Cottus_carolinae,Cottus,carolinae,35.33055,-87.65833,,,,,,
Cottus_carolinae,Cottus,carolinae,35.33055,-87.65833,,,,,,
Cottus_carolinae,Cottus,carolinae,35.33055,-87.65833,,,,,,
Cottus_carolinae,Cottus,carolinae,35.33055,-87.65833,,,,,,
Cottus_carolinae,Cottus,carolinae,35.33055,-87.65833,,,,,,
Cottus_carolinae,Cottus,carolinae,35.33055,-87.65833,,,,,,
Cottus_carolinae,Cottus,carolinae,35.330494,-87.658394,,,,,,
Cottus_carolinae,Cottus,carolinae,35.330654,-87.65844,,,,,,
Cottus_carolinae,Cottus,carolinae,34.84972,-87.66055,,,,,,
Cottus_carolinae,Cottus,carolinae,34.84972,-87.66055,,,,,,
Cottus_carolinae,Cottus,carolinae,35.34306,-87.66139,,,,,,
Cottus_carolinae,Cottus,carolinae,35.75,-87.666664,,,,,,
Cottus_carolinae,Cottus,carolinae,35.75,-87.666664,,,,,,
Cottus_carolinae,Cottus,carolinae,35.04167,-87.6875,,,,,,
Cottus_carolinae,Cottus,carolinae,31.76694,-87.6925,,,,,,
Cottus_carolinae,Cottus,carolinae,34.94944,-87.69473,,,,,,
Cottus_carolinae,Cottus,carolinae,34.90861,-87.70417,,,,,,
Cottus_carolinae,Cottus,carolinae,34.90861,-87.70417,,,,,,
Cottus_carolinae,Cottus,carolinae,35.67611,-87.71056,,,,,,
Cottus_carolinae,Cottus,carolinae,34.88222,-87.72083,,,,,,
Cottus_carolinae,Cottus,carolinae,36.20917,-87.72583,,,,,,
Cottus_carolinae,Cottus,carolinae,34.46472,-87.75333,,,,,,
Cottus_carolinae,Cottus,carolinae,35.628,-87.75335,,,,,,
Cottus_carolinae,Cottus,carolinae,35.6281,-87.75335,,,,,,
Cottus_carolinae,Cottus,carolinae,34.9425,-87.7578,,,,,,
Cottus_carolinae,Cottus,carolinae,31.38667,-87.76195,,,,,,
Cottus_carolinae,Cottus,carolinae,31.38667,-87.76195,,,,,,
Cottus_carolinae,Cottus,carolinae,31.38667,-87.76195,,,,,,
Cottus_carolinae,Cottus,carolinae,31.38667,-87.76195,,,,,,
Cottus_carolinae,Cottus,carolinae,34.94222,-87.76361,,,,,,
Cottus_carolinae,Cottus,carolinae,35.31389,-87.76611,,,,,,
Cottus_carolinae,Cottus,carolinae,34.9025,-87.77,,,,,,
Cottus_carolinae,Cottus,carolinae,34.9025,-87.77,,,,,,
Cottus_carolinae,Cottus,carolinae,36.0649,-87.781,,,,,,
Cottus_carolinae,Cottus,carolinae,35.97055,-87.78167,,,,,,
Cottus_carolinae,Cottus,carolinae,34.90528,-87.78917,,,,,,
Cottus_carolinae,Cottus,carolinae,34.90528,-87.78917,,,,,,
Cottus_carolinae,Cottus,carolinae,34.90528,-87.78917,,,,,,
Cottus_carolinae,Cottus,carolinae,36.9514,-87.7967,,,,,,
Cottus_carolinae,Cottus,carolinae,36.9514,-87.7967,,,,,,
Cottus_carolinae,Cottus,carolinae,34.9458,-87.8,,,,,,
Cottus_carolinae,Cottus,carolinae,34.9458,-87.8,,,,,,
Cottus_carolinae,Cottus,carolinae,35.63389,-87.80389,,,,,,
Cottus_carolinae,Cottus,carolinae,35.63389,-87.80389,,,,,,
Cottus_carolinae,Cottus,carolinae,34.92056,-87.81194,,,,,,
Cottus_carolinae,Cottus,carolinae,35.9775,-87.8225,,,,,,
Cottus_carolinae,Cottus,carolinae,35.4987,-87.8275,,,,,,
Cottus_carolinae,Cottus,carolinae,35.49448,-87.8326,,,,,,
Cottus_carolinae,Cottus,carolinae,35.494484,-87.8326,,,,,,
Cottus_carolinae,Cottus,carolinae,36.75,-87.833,,,,,,
Cottus_carolinae,Cottus,carolinae,36.75,-87.833,,,,,,
Cottus_carolinae,Cottus,carolinae,34.38307,-87.83613,,,,,,
Cottus_carolinae,Cottus,carolinae,34.383068,-87.836136,,,,,,
Cottus_carolinae,Cottus,carolinae,31.5725,-87.84222,,,,,,
Cottus_carolinae,Cottus,carolinae,36.9139,-87.8439,,,,,,
Cottus_carolinae,Cottus,carolinae,36.9139,-87.8439,,,,,,
Cottus_carolinae,Cottus,carolinae,36.9139,-87.8439,,,,,,
Cottus_carolinae,Cottus,carolinae,36.9139,-87.8439,,,,,,
Cottus_carolinae,Cottus,carolinae,35.46585,-87.84745,,,,,,
Cottus_carolinae,Cottus,carolinae,35.46585,-87.84745,,,,,,
Cottus_carolinae,Cottus,carolinae,35.46528,-87.8475,,,,,,
Cottus_carolinae,Cottus,carolinae,35.46528,-87.8475,,,,,,
Cottus_carolinae,Cottus,carolinae,35.45861,-87.85083,,,,,,
Cottus_carolinae,Cottus,carolinae,35.98944,-87.85389,,,,,,
Cottus_carolinae,Cottus,carolinae,35.98861,-87.85833,,,,,,
Cottus_carolinae,Cottus,carolinae,34.40111,-87.87334,,,,,,
Cottus_carolinae,Cottus,carolinae,34.4747,-87.8839,,,,,,
Cottus_carolinae,Cottus,carolinae,34.8857,-87.90775,,,,,,
Cottus_carolinae,Cottus,carolinae,34.8857,-87.90775,,,,,,
Cottus_carolinae,Cottus,carolinae,35.420715,-87.91067,,,,,,
Cottus_carolinae,Cottus,carolinae,35.42072,-87.91067,,,,,,
Cottus_carolinae,Cottus,carolinae,35.5235,-87.92603,,,,,,
Cottus_carolinae,Cottus,carolinae,35.5235,-87.92603,,,,,,
Cottus_carolinae,Cottus,carolinae,35.523666,-87.92615,,,,,,
Cottus_carolinae,Cottus,carolinae,36.7453,-87.9332,,,,,,
Cottus_carolinae,Cottus,carolinae,35.683765,-87.94508,,,,,,
Cottus_carolinae,Cottus,carolinae,35.68377,-87.94508,,,,,,
Cottus_carolinae,Cottus,carolinae,35.72833,-88.11639,,,,,,
Cottus_carolinae,Cottus,carolinae,34.82695,-88.13889,,,,,,
Cottus_carolinae,Cottus,carolinae,34.52417,-88.18445,,,,,,
Cottus_carolinae,Cottus,carolinae,34.56528,-88.19055,,,,,,
Cottus_carolinae,Cottus,carolinae,35.44333,-88.19889,,,,,,
Cottus_carolinae,Cottus,carolinae,34.60028,-88.20444,,,,,,
Cottus_carolinae,Cottus,carolinae,37.51993,-88.32512,,,,,,
Cottus_carolinae,Cottus,carolinae,37.51993,-88.32512,,,,,,
Cottus_carolinae,Cottus,carolinae,37.5331,-88.3264,,,,,,
Cottus_carolinae,Cottus,carolinae,37.5331,-88.3264,,,,,,
Cottus_carolinae,Cottus,carolinae,36.8941,-88.4035,,,,,,
Cottus_carolinae,Cottus,carolinae,37.0159,-88.4035,,,,,,
Cottus_carolinae,Cottus,carolinae,37.530277,-89.149445,,,,,,
Cottus_carolinae,Cottus,carolinae,37.411667,-89.16417,,,,,,
Cottus_carolinae,Cottus,carolinae,37.41938,-89.16925,,,,,,
Cottus_carolinae,Cottus,carolinae,37.419384,-89.16925,,,,,,
Cottus_carolinae,Cottus,carolinae,37.5708,-89.3972,,,,,,
Cottus_carolinae,Cottus,carolinae,33.38917,-89.66222,,,,,,
Cottus_carolinae,Cottus,carolinae,42.9976,-89.8877,,,,,,
Cottus_carolinae,Cottus,carolinae,37.05712,-90.023,,,,,,
Cottus_carolinae,Cottus,carolinae,37.057117,-90.0231,,,,,,
Cottus_carolinae,Cottus,carolinae,38.0051,-90.1998,,,,,,
Cottus_carolinae,Cottus,carolinae,36.9063,-90.4812,,,,,,
Cottus_carolinae,Cottus,carolinae,37.21806,-90.53222,,,,,,
Cottus_carolinae,Cottus,carolinae,37.21806,-90.53222,,,,,,
Cottus_carolinae,Cottus,carolinae,36.97222,-90.59666,,,,,,
Cottus_carolinae,Cottus,carolinae,37.0079,-90.6551,,,,,,
Cottus_carolinae,Cottus,carolinae,37.0017,-90.6583,,,,,,
Cottus_carolinae,Cottus,carolinae,37.001667,-90.65833,,,,,,
Cottus_carolinae,Cottus,carolinae,37.0484,-90.68,,,,,,
Cottus_carolinae,Cottus,carolinae,37.1494,-90.7002,,,,,,
Cottus_carolinae,Cottus,carolinae,37.40917,-90.72889,,,,,,
Cottus_carolinae,Cottus,carolinae,37.32281,-90.7641,,,,,,
Cottus_carolinae,Cottus,carolinae,36.4875,-90.77,,,,,,
Cottus_carolinae,Cottus,carolinae,36.46167,-90.77361,,,,,,
Cottus_carolinae,Cottus,carolinae,37.4369,-90.8232,,,,,,
Cottus_carolinae,Cottus,carolinae,37.4369,-90.8232,,,,,,
Cottus_carolinae,Cottus,carolinae,36.6175,-90.83945,,,,,,
Cottus_carolinae,Cottus,carolinae,36.6175,-90.83945,,,,,,
Cottus_carolinae,Cottus,carolinae,36.61795,-90.83981,,,,,,
Cottus_carolinae,Cottus,carolinae,36.61795,-90.83982,,,,,,
Cottus_carolinae,Cottus,carolinae,36.6425,-90.8425,,,,,,
Cottus_carolinae,Cottus,carolinae,36.29861,-90.85833,,,,,,
Cottus_carolinae,Cottus,carolinae,38.8537,-90.9027,,,,,,
Cottus_carolinae,Cottus,carolinae,36.9485,-90.9896,,,,,,
Cottus_carolinae,Cottus,carolinae,36.99111,-91.01472,,,,,,
Cottus_carolinae,Cottus,carolinae,37.03153,-91.03668,,,,,,
Cottus_carolinae,Cottus,carolinae,37.031532,-91.03668,,,,,,
Cottus_carolinae,Cottus,carolinae,33.883,-91.068,,,,,,
Cottus_carolinae,Cottus,carolinae,36.39056,-91.10667,,,,,,
Cottus_carolinae,Cottus,carolinae,37.1856,-91.1789,,,,,,
Cottus_carolinae,Cottus,carolinae,37.1856,-91.1789,,,,,,
Cottus_carolinae,Cottus,carolinae,36.55,-91.19305,,,,,,
Cottus_carolinae,Cottus,carolinae,36.7617,-91.2601,,,,,,
Cottus_carolinae,Cottus,carolinae,36.20083,-91.30389,,,,,,
Cottus_carolinae,Cottus,carolinae,37.155,-91.35833,,,,,,
Cottus_carolinae,Cottus,carolinae,37.1465,-91.3794,,,,,,
Cottus_carolinae,Cottus,carolinae,37.1465,-91.3794,,,,,,
Cottus_carolinae,Cottus,carolinae,36.0122,-91.3983,,,,,,
Cottus_carolinae,Cottus,carolinae,36.01222,-91.39833,,,,,,
Cottus_carolinae,Cottus,carolinae,37.2849,-91.4069,,,,,,
Cottus_carolinae,Cottus,carolinae,37.3029,-91.412,,,,,,
Cottus_carolinae,Cottus,carolinae,37.6371,-91.4125,,,,,,
Cottus_carolinae,Cottus,carolinae,37.3028,-91.4157,,,,,,
Cottus_carolinae,Cottus,carolinae,36.13694,-91.46028,,,,,,
Cottus_carolinae,Cottus,carolinae,35.64333,-91.48833,,,,,,
Cottus_carolinae,Cottus,carolinae,36.01389,-91.49,,,,,,
Cottus_carolinae,Cottus,carolinae,36.4944,-91.5358,,,,,,
Cottus_carolinae,Cottus,carolinae,37.3756,-91.5521,,,,,,
Cottus_carolinae,Cottus,carolinae,35.74917,-91.558334,,,,,,
Cottus_carolinae,Cottus,carolinae,36.099724,-91.57806,,,,,,
Cottus_carolinae,Cottus,carolinae,35.8474,-91.6242,,,,,,
Cottus_carolinae,Cottus,carolinae,35.9039,-91.6357,,,,,,
Cottus_carolinae,Cottus,carolinae,35.7575,-91.63722,,,,,,
Cottus_carolinae,Cottus,carolinae,35.7575,-91.63722,,,,,,
Cottus_carolinae,Cottus,carolinae,35.76083,-91.64861,,,,,,
Cottus_carolinae,Cottus,carolinae,37.0769,-91.7324,,,,,,
Cottus_carolinae,Cottus,carolinae,37.24907,-91.813416,,,,,,
Cottus_carolinae,Cottus,carolinae,38.14667,-91.88194,,,,,,
Cottus_carolinae,Cottus,carolinae,37.91972,-91.97556,,,,,,
Cottus_carolinae,Cottus,carolinae,37.3172,-92.0046,,,,,,
Cottus_carolinae,Cottus,carolinae,37.5661,-92.0267,,,,,,
Cottus_carolinae,Cottus,carolinae,37.55194,-92.035,,,,,,
Cottus_carolinae,Cottus,carolinae,37.66528,-92.05,,,,,,
Cottus_carolinae,Cottus,carolinae,37.14028,-92.07917,,,,,,
Cottus_carolinae,Cottus,carolinae,36.9059,-92.1054,,,,,,
Cottus_carolinae,Cottus,carolinae,35.94722,-92.11139,,,,,,
Cottus_carolinae,Cottus,carolinae,35.94722,-92.11139,,,,,,
Cottus_carolinae,Cottus,carolinae,35.94722,-92.11139,,,,,,
Cottus_carolinae,Cottus,carolinae,36.81083,-92.14889,,,,,,
Cottus_carolinae,Cottus,carolinae,36.81083,-92.14889,,,,,,
Cottus_carolinae,Cottus,carolinae,36.81083,-92.14889,,,,,,
Cottus_carolinae,Cottus,carolinae,36.81083,-92.14889,,,,,,
Cottus_carolinae,Cottus,carolinae,36.7598,-92.1533,,,,,,
Cottus_carolinae,Cottus,carolinae,36.75418,-92.1535,,,,,,
Cottus_carolinae,Cottus,carolinae,36.754185,-92.1535,,,,,,
Cottus_carolinae,Cottus,carolinae,36.75,-92.15722,,,,,,
Cottus_carolinae,Cottus,carolinae,36.75,-92.15722,,,,,,
Cottus_carolinae,Cottus,carolinae,36.75,-92.15722,,,,,,
Cottus_carolinae,Cottus,carolinae,36.9896,-92.1716,,,,,,
Cottus_carolinae,Cottus,carolinae,37.84222,-92.19695,,,,,,
Cottus_carolinae,Cottus,carolinae,35.904617,-92.22286,,,,,,
Cottus_carolinae,Cottus,carolinae,36.24778,-92.23805,,,,,,
Cottus_carolinae,Cottus,carolinae,36.244682,-92.25067,,,,,,
Cottus_carolinae,Cottus,carolinae,37.87861,-92.255,,,,,,
Cottus_carolinae,Cottus,carolinae,36.21222,-92.28722,,,,,,
Cottus_carolinae,Cottus,carolinae,37.6283,-92.3286,,,,,,
Cottus_carolinae,Cottus,carolinae,37.6283,-92.3286,,,,,,
Cottus_carolinae,Cottus,carolinae,36.17806,-92.42583,,,,,,
Cottus_carolinae,Cottus,carolinae,36.17608,-92.42583,,,,,,
Cottus_carolinae,Cottus,carolinae,36.17806,-92.42583,,,,,,
Cottus_carolinae,Cottus,carolinae,36.17806,-92.42583,,,,,,
Cottus_carolinae,Cottus,carolinae,36.16945,-92.42861,,,,,,
Cottus_carolinae,Cottus,carolinae,36.16861,-92.43222,,,,,,
Cottus_carolinae,Cottus,carolinae,36.16861,-92.43222,,,,,,
Cottus_carolinae,Cottus,carolinae,36.1675,-92.43361,,,,,,
Cottus_carolinae,Cottus,carolinae,36.16611,-92.43667,,,,,,
Cottus_carolinae,Cottus,carolinae,36.16778,-92.44194,,,,,,
Cottus_carolinae,Cottus,carolinae,36.16472,-92.44222,,,,,,
Cottus_carolinae,Cottus,carolinae,36.16972,-92.4475,,,,,,
Cottus_carolinae,Cottus,carolinae,36.16972,-92.4475,,,,,,
Cottus_carolinae,Cottus,carolinae,36.16972,-92.4475,,,,,,
Cottus_carolinae,Cottus,carolinae,37.6334,-92.4534,,,,,,
Cottus_carolinae,Cottus,carolinae,36.24139,-92.46694,,,,,,
Cottus_carolinae,Cottus,carolinae,36.24139,-92.46694,,,,,,
Cottus_carolinae,Cottus,carolinae,36.205,-92.47528,,,,,,
Cottus_carolinae,Cottus,carolinae,35.9788,-92.4816,,,,,,
Cottus_carolinae,Cottus,carolinae,39.9786,-92.4816,,,,,,
Cottus_carolinae,Cottus,carolinae,39.9786,-92.4816,,,,,,
Cottus_carolinae,Cottus,carolinae,37.9777,-92.505,,,,,,
Cottus_carolinae,Cottus,carolinae,37.9982,-92.514,,,,,,
Cottus_carolinae,Cottus,carolinae,36.12722,-92.545,,,,,,
Cottus_carolinae,Cottus,carolinae,36.12722,-92.545,,,,,,
Cottus_carolinae,Cottus,carolinae,37.0267,-92.5953,,,,,,
Cottus_carolinae,Cottus,carolinae,36.905,-92.6361,,,,,,
Cottus_carolinae,Cottus,carolinae,37.0046,-92.7081,,,,,,
Cottus_carolinae,Cottus,carolinae,37.990986,-92.798004,,,,,,
Cottus_carolinae,Cottus,carolinae,37.73806,-92.86028,,,,,,
Cottus_carolinae,Cottus,carolinae,37.2467,-92.8799,,,,,,
Cottus_carolinae,Cottus,carolinae,35.9033,-92.8993,,,,,,
Cottus_carolinae,Cottus,carolinae,35.9033,-92.8993,,,,,,
Cottus_carolinae,Cottus,carolinae,35.9033,-92.8993,,,,,,
Cottus_carolinae,Cottus,carolinae,35.9033,-92.8993,,,,,,
Cottus_carolinae,Cottus,carolinae,35.9033,-92.8993,,,,,,
Cottus_carolinae,Cottus,carolinae,37.51972,-92.98306,,,,,,
Cottus_carolinae,Cottus,carolinae,37.6348,-93.0277,,,,,,
Cottus_carolinae,Cottus,carolinae,37.1923,-93.1283,,,,,,
Cottus_carolinae,Cottus,carolinae,37.0457,-93.1336,,,,,,
Cottus_carolinae,Cottus,carolinae,36.06055,-93.1375,,,,,,
Cottus_carolinae,Cottus,carolinae,36.06055,-93.1375,,,,,,
Cottus_carolinae,Cottus,carolinae,36.06055,-93.1375,,,,,,
Cottus_carolinae,Cottus,carolinae,36.003334,-93.187225,,,,,,
Cottus_carolinae,Cottus,carolinae,36.003334,-93.187225,,,,,,
Cottus_carolinae,Cottus,carolinae,35.9987,-93.1893,,,,,,
Cottus_carolinae,Cottus,carolinae,36.9855,-93.2952,,,,,,
Cottus_carolinae,Cottus,carolinae,36.02306,-93.35472,,,,,,
Cottus_carolinae,Cottus,carolinae,36.02306,-93.35472,,,,,,
Cottus_carolinae,Cottus,carolinae,36.02306,-93.35472,,,,,,
Cottus_carolinae,Cottus,carolinae,36.02306,-93.35472,,,,,,
Cottus_carolinae,Cottus,carolinae,36.9661,-93.3641,,,,,,
Cottus_carolinae,Cottus,carolinae,35.867,-93.367,,,,,,
Cottus_carolinae,Cottus,carolinae,35.867,-93.367,,,,,,
Cottus_carolinae,Cottus,carolinae,35.867,-93.367,,,,,,
Cottus_carolinae,Cottus,carolinae,35.867,-93.367,,,,,,
Cottus_carolinae,Cottus,carolinae,35.867,-93.367,,,,,,
Cottus_carolinae,Cottus,carolinae,35.867,-93.367,,,,,,
Cottus_carolinae,Cottus,carolinae,36.9325,-93.38917,,,,,,
Cottus_carolinae,Cottus,carolinae,36.9325,-93.38917,,,,,,
Cottus_carolinae,Cottus,carolinae,37.0503,-93.3918,,,,,,
Cottus_carolinae,Cottus,carolinae,36.9311,-93.4972,,,,,,
Cottus_carolinae,Cottus,carolinae,36.9014,-93.5726,,,,,,
Cottus_carolinae,Cottus,carolinae,36.13667,-93.58167,,,,,,
Cottus_carolinae,Cottus,carolinae,36.13667,-93.58167,,,,,,
Cottus_carolinae,Cottus,carolinae,37.9841,-93.6144,,,,,,
Cottus_carolinae,Cottus,carolinae,36.31583,-93.66389,,,,,,
Cottus_carolinae,Cottus,carolinae,36.7695,-93.676,,,,,,
Cottus_carolinae,Cottus,carolinae,37.18972,-93.68584,,,,,,
Cottus_carolinae,Cottus,carolinae,36.8136,-93.6909,,,,,,
Cottus_carolinae,Cottus,carolinae,35.9581,-93.696,,,,,,
Cottus_carolinae,Cottus,carolinae,36.15028,-93.7375,,,,,,
Cottus_carolinae,Cottus,carolinae,37.4204,-93.7583,,,,,,
Cottus_carolinae,Cottus,carolinae,37.4347,-93.782,,,,,,
Cottus_carolinae,Cottus,carolinae,36.8188,-93.7875,,,,,,
Cottus_carolinae,Cottus,carolinae,36.46528,-93.81583,,,,,,
Cottus_carolinae,Cottus,carolinae,36.46528,-93.81583,,,,,,
Cottus_carolinae,Cottus,carolinae,36.12556,-93.82806,,,,,,
Cottus_carolinae,Cottus,carolinae,36.4425,-93.8375,,,,,,
Cottus_carolinae,Cottus,carolinae,36.20195,-93.85667,,,,,,
Cottus_carolinae,Cottus,carolinae,36.6826,-93.8604,,,,,,
Cottus_carolinae,Cottus,carolinae,36.040554,-93.894165,,,,,,
Cottus_carolinae,Cottus,carolinae,36.2278,-93.9014,,,,,,
Cottus_carolinae,Cottus,carolinae,37.1365,-93.9486,,,,,,
Cottus_carolinae,Cottus,carolinae,37.1365,-93.9486,,,,,,
Cottus_carolinae,Cottus,carolinae,36.045,-93.96694,,,,,,
Cottus_carolinae,Cottus,carolinae,36.10695,-94.00555,,,,,,
Cottus_carolinae,Cottus,carolinae,36.10695,-94.00555,,,,,,
Cottus_carolinae,Cottus,carolinae,36.35167,-94.01389,,,,,,
Cottus_carolinae,Cottus,carolinae,36.16945,-94.01833,,,,,,
Cottus_carolinae,Cottus,carolinae,36.16945,-94.01833,,,,,,
Cottus_carolinae,Cottus,carolinae,36.41667,-94.06861,,,,,,
Cottus_carolinae,Cottus,carolinae,36.42,-94.1196,,,,,,
Cottus_carolinae,Cottus,carolinae,36.5423,-94.128,,,,,,
Cottus_carolinae,Cottus,carolinae,36.1277,-94.1657,,,,,,
Cottus_carolinae,Cottus,carolinae,35.99556,-94.18639,,,,,,
Cottus_carolinae,Cottus,carolinae,36.1346,-94.2025,,,,,,
Cottus_carolinae,Cottus,carolinae,36.4179,-94.2227,,,,,,
Cottus_carolinae,Cottus,carolinae,36.26167,-94.23,,,,,,
Cottus_carolinae,Cottus,carolinae,36.7933,-94.2435,,,,,,
Cottus_carolinae,Cottus,carolinae,36.7933,-94.2435,,,,,,
Cottus_carolinae,Cottus,carolinae,36.793304,-94.24351,,,,,,
Cottus_carolinae,Cottus,carolinae,36.101913,-94.29302,,,,,,
Cottus_carolinae,Cottus,carolinae,36.10466,-94.333275,,,,,,
Cottus_carolinae,Cottus,carolinae,36.1962,-94.3377,,,,,,
Cottus_carolinae,Cottus,carolinae,36.1025,-94.34417,,,,,,
Cottus_carolinae,Cottus,carolinae,36.110554,-94.34468,,,,,,
Cottus_carolinae,Cottus,carolinae,36.560276,-94.42389,,,,,,
Cottus_carolinae,Cottus,carolinae,36.1754,-94.4462,,,,,,
Cottus_carolinae,Cottus,carolinae,36.3968,-94.4471,,,,,,
Cottus_carolinae,Cottus,carolinae,36.39639,-94.44722,,,,,,
Cottus_carolinae,Cottus,carolinae,36.62389,-94.59028,,,,,,
Cottus_carolinae,Cottus,carolinae,36.21639,-94.60416,,,,,,
Cottus_carolinae,Cottus,carolinae,36.21639,-94.60416,,,,,,
Cottus_carolinae,Cottus,carolinae,36.21417,-94.61444,,,,,,
Cottus_carolinae,Cottus,carolinae,36.21417,-94.61444,,,,,,
Cottus_carolinae,Cottus,carolinae,36.21417,-94.61444,,,,,,
Cottus_carolinae,Cottus,carolinae,37.0336,-94.6174,,,,,,
Cottus_carolinae,Cottus,carolinae,35.9193,-94.6193,,,,,,
Cottus_carolinae,Cottus,carolinae,36.3309,-94.624,,,,,,
Cottus_carolinae,Cottus,carolinae,36.21861,-94.63834,,,,,,
Cottus_carolinae,Cottus,carolinae,36.21861,-94.63834,,,,,,
Cottus_carolinae,Cottus,carolinae,36.21861,-94.63834,,,,,,
Cottus_carolinae,Cottus,carolinae,36.21861,-94.63834,,,,,,
Cottus_carolinae,Cottus,carolinae,36.21861,-94.63834,,,,,,
Cottus_carolinae,Cottus,carolinae,37.0405,-94.6406,,,,,,
Cottus_carolinae,Cottus,carolinae,34.042,-94.643,,,,,,
Cottus_carolinae,Cottus,carolinae,34.042,-94.643,,,,,,
Cottus_carolinae,Cottus,carolinae,34.042,-94.643,,,,,,
Cottus_carolinae,Cottus,carolinae,34.042,-94.643,,,,,,
Cottus_carolinae,Cottus,carolinae,34.042,-94.643,,,,,,
Cottus_carolinae,Cottus,carolinae,35.8379,-94.6531,,,,,,
Cottus_carolinae,Cottus,carolinae,35.9825,-94.6638,,,,,,
Cottus_carolinae,Cottus,carolinae,36.9836,-94.6918,,,,,,
Cottus_carolinae,Cottus,carolinae,36.768,-94.692,,,,,,
Cottus_carolinae,Cottus,carolinae,36.768,-94.692,,,,,,
Cottus_carolinae,Cottus,carolinae,35.955,-94.6963,,,,,,
Cottus_carolinae,Cottus,carolinae,36.7624,-94.7016,,,,,,
Cottus_carolinae,Cottus,carolinae,36.1867,-94.707,,,,,,
Cottus_carolinae,Cottus,carolinae,36.9015,-94.7072,,,,,,
Cottus_carolinae,Cottus,carolinae,36.18667,-94.70972,,,,,,
Cottus_carolinae,Cottus,carolinae,36.1305,-94.7962,,,,,,
Cottus_carolinae,Cottus,carolinae,36.1217,-94.806,,,,,,
Cottus_carolinae,Cottus,carolinae,36.644,-94.8143,,,,,,
Cottus_carolinae,Cottus,carolinae,35.9586,-94.8144,,,,,,
Cottus_carolinae,Cottus,carolinae,36.3521,-94.8214,,,,,,
Cottus_carolinae,Cottus,carolinae,36.0957,-94.8291,,,,,,
Cottus_carolinae,Cottus,carolinae,36.0957,-94.8291,,,,,,
Cottus_carolinae,Cottus,carolinae,36.0957,-94.8291,,,,,,
Cottus_carolinae,Cottus,carolinae,36.0957,-94.8291,,,,,,
Cottus_carolinae,Cottus,carolinae,36.0957,-94.8291,,,,,,
Cottus_carolinae,Cottus,carolinae,35.9216,-94.8374,,,,,,
Cottus_carolinae,Cottus,carolinae,36.2988,-94.8851,,,,,,
Cottus_carolinae,Cottus,carolinae,35.925835,-94.9225,,,,,,
Cottus_carolinae,Cottus,carolinae,35.9167,-94.9667,,,,,,
Cottus_carolinae,Cottus,carolinae,36.2702,-95.1009,,,,,,
Cottus_carolinae,Cottus,carolinae,36.2726,-95.1174,,,,,,
Cottus_carolinae,Cottus,carolinae,36.165,-95.1579,,,,,,
Cottus_carolinae,Cottus,carolinae,36.1649,-95.158,,,,,,
Cottus_carolinae,Cottus,carolinae,36.148,-95.158,,,,,,
Cottus_carolinae,Cottus,carolinae,36.148,-95.158,,,,,,
Cottus_carolinae,Cottus,carolinae,36.1483,-95.1583,,,,,,
Cottus_carolinae,Cottus,carolinae,36.1483,-95.1583,,,-1,,,
Cottus_carolinae,Cottus,carolinae,36.1483,-95.1583,,,,,,
Cottus_carolinae,Cottus,carolinae,36.2,-95.1667,,,,,,
Cottus_carolinae,Cottus,carolinae,36.14,-95.18,,,,,,
Cottus_carolinae,Cottus,carolinae,36.1276,-95.2074,,,,,,
Cottus_carolinae,Cottus,carolinae,36.2035,-95.2253,,,,,,
Cottus_carolinae,Cottus,carolinae,36.11,-95.24,,,,,,
Cottus_carolinae,Cottus,carolinae,36.131,-95.1901,,,,,,
Cottus_carolinae,Cottus,carolinae,35.933,-95.1499,,,,,,
Cottus_carolinae,Cottus,carolinae,36.0465,-95.1318,,,,,,
Cottus_carolinae,Cottus,carolinae,36.0465,-95.1318,,,,,,
Cottus_carolinae,Cottus,carolinae,36.1168,-95.1065,,,,,,
Cottus_carolinae,Cottus,carolinae,36.0197,-95.0168,,,,,,
Cottus_carolinae,Cottus,carolinae,36.1062,-94.989,,,,,,
Cottus_carolinae,Cottus,carolinae,35.8533,-94.9752,,,,,,
Cottus_carolinae,Cottus,carolinae,36.4073,-94.9703,,,,,,
Cottus_carolinae,Cottus,carolinae,35.6379,-94.9606,,,,,,
Cottus_carolinae,Cottus,carolinae,35.8886,-94.9468,,,,,,
Cottus_carolinae,Cottus,carolinae,35.6769,-94.9375,,,,,,
Cottus_carolinae,Cottus,carolinae,35.912,-94.9303,,,,,,
Cottus_carolinae,Cottus,carolinae,35.9231,-94.9237,,,,,,
Cottus_carolinae,Cottus,carolinae,35.9231,-94.9237,,,,,,
Cottus_carolinae,Cottus,carolinae,35.8688,-94.8977,,,,,,
Cottus_carolinae,Cottus,carolinae,35.8688,-94.8977,,,,,,
Cottus_carolinae,Cottus,carolinae,35.7628,-94.8912,,,,,,-1
Cottus_carolinae,Cottus,carolinae,36.0835,-94.8408,,,,,,
Cottus_carolinae,Cottus,carolinae,35.9215,-94.8374,,,,,,
Cottus_carolinae,Cottus,carolinae,35.9215,-94.8374,,,,,,
Cottus_carolinae,Cottus,carolinae,35.9215,-94.8374,,,,,,
Cottus_carolinae,Cottus,carolinae,35.9218,-94.8374,,,,,,
Cottus_carolinae,Cottus,carolinae,35.9215,-94.8374,,,,,,
Cottus_carolinae,Cottus,carolinae,35.9215,-94.8374,,,,,,
Cottus_carolinae,Cottus,carolinae,35.9215,-94.8374,,,,,,
Cottus_carolinae,Cottus,carolinae,36.3503,-94.8199,,,,,,
Cottus_carolinae,Cottus,carolinae,36.1445,-94.8172,,,,,,
Cottus_carolinae,Cottus,carolinae,36.6592,-94.8013,,,,,,
Cottus_carolinae,Cottus,carolinae,36.3531,-94.7966,,,,,,
Cottus_carolinae,Cottus,carolinae,36.1045,-94.7833,,,,,,
Cottus_carolinae,Cottus,carolinae,35.9574,-94.7794,,,,,,
Cottus_carolinae,Cottus,carolinae,36.5614,-94.7709,,,,,,
Cottus_carolinae,Cottus,carolinae,35.9661,-94.7695,,,,,,
Cottus_carolinae,Cottus,carolinae,36.5583,-94.7655,,,,,,
Cottus_carolinae,Cottus,carolinae,36.5583,-94.7655,,,,,,
Cottus_carolinae,Cottus,carolinae,36.7485,-94.7528,,,,,,
Cottus_carolinae,Cottus,carolinae,36.7485,-94.7528,,,,,,
Cottus_carolinae,Cottus,carolinae,36.3669,-94.7317,,,,,,
Cottus_carolinae,Cottus,carolinae,36.3669,-94.7317,,,,,,
Cottus_carolinae,Cottus,carolinae,36.174,-94.7213,,,,,,
Cottus_carolinae,Cottus,carolinae,36.174,-94.7213,,,,,,
Cottus_carolinae,Cottus,carolinae,36.174,-94.7213,,,,,,
Cottus_carolinae,Cottus,carolinae,36.174,-94.7213,,,,,,
Cottus_carolinae,Cottus,carolinae,36.174,-94.7213,,,,,,
Cottus_carolinae,Cottus,carolinae,36.1866,-94.7071,,,,,,
Cottus_carolinae,Cottus,carolinae,36.1866,-94.7071,,,,,,
Cottus_carolinae,Cottus,carolinae,36.1868,-94.7071,,,,,,
Cottus_carolinae,Cottus,carolinae,36.1866,-94.7071,,,,,,
Cottus_carolinae,Cottus,carolinae,36.7686,-94.6924,,,,,,
Cottus_carolinae,Cottus,carolinae,36.1554,-94.6907,,,,,,
Cottus_carolinae,Cottus,carolinae,36.1412,-94.6675,,,,,,
Cottus_carolinae,Cottus,carolinae,36.5524,-94.6658,,,,,,
Cottus_carolinae,Cottus,carolinae,36.7799,-94.6633,,,,,,
Cottus_carolinae,Cottus,carolinae,36.7799,-94.6633,,,,,,
Cottus_carolinae,Cottus,carolinae,36.6569,-94.6612,,,,,,
Cottus_carolinae,Cottus,carolinae,35.9508,-94.6577,,,,,,
Cottus_carolinae,Cottus,carolinae,36.5609,-94.6475,,,,,,
Cottus_carolinae,Cottus,carolinae,37.0416,-94.6429,,,,,,
Cottus_carolinae,Cottus,carolinae,36.811,-94.638,,,,,,
Cottus_carolinae,Cottus,carolinae,35.8911,-94.6321,,,,,,
Cottus_carolinae,Cottus,carolinae,36.6362,-94.6293,,,,,,
Cottus_carolinae,Cottus,carolinae,35.9195,-94.6194,,,,,,
Cottus_carolinae,Cottus,carolinae,35.9195,-94.6194,,,,,,
Cottus_carolinae,Cottus,carolinae,35.9195,-94.6194,,,,,,
Cottus_carolinae,Cottus,carolinae,36.6482,-94.6191,,,,,,
Cottus_carolinae,Cottus,carolinae,36.62361,-94.59,,,,,,
Cottus_carolinae,Cottus,carolinae,36.1301,-94.5717,,,,,,
Cottus_carolinae,Cottus,carolinae,36.1422,-94.5651,,,,,,
Cottus_carolinae,Cottus,carolinae,36.1064,-94.5651,,,,,,
Cottus_carolinae,Cottus,carolinae,36.1102,-94.5635,,,,,,
Cottus_carolinae,Cottus,carolinae,36.0146,-94.5479,,,,,,
Cottus_carolinae,Cottus,carolinae,36.3838,-94.4818,,,,,,
Cottus_carolinae,Cottus,carolinae,36.5477,-94.1207,,,,,,
Cottus_carolinae,Cottus,carolinae,36.0104,-93.1841,,,,,,
Cottus_carolinae,Cottus,carolinae,36.8104,-92.1463,,,,,,
Cottus_carolinae,Cottus,carolinae,36.2023,-92.0856,,,,,,
Cottus_carolinae,Cottus,carolinae,36.2023,-92.0856,,,,,,
Cottus_carolinae,Cottus,carolinae,36.2023,-92.0856,,,,,,
Cottus_carolinae,Cottus,carolinae,36.2023,-92.0856,,,,,,
Cottus_carolinae,Cottus,carolinae,36.2023,-92.0856,,,,,,
Cottus_carolinae,Cottus,carolinae,36.2023,-92.0856,,,,,,
Cottus_carolinae,Cottus,carolinae,36.2023,-92.0856,,,,,,
Cottus_carolinae,Cottus,carolinae,36.2023,-92.0856,,,,,,
Cottus_carolinae,Cottus,carolinae,36.2023,-92.0856,,,,,,
Cottus_carolinae,Cottus,carolinae,36.2023,-92.0856,,,,,,
Cottus_carolinae,Cottus,carolinae,36.2023,-92.0856,,,,,,
Cottus_carolinae,Cottus,carolinae,36.2023,-92.0856,,,,,,
Cottus_carolinae,Cottus,carolinae,36.0748,-92.0781,,,,,,
Cottus_carolinae,Cottus,carolinae,36.0748,-92.0781,,,,,,
Cottus_carolinae,Cottus,carolinae,36.0748,-92.0781,,,,,,
Cottus_carolinae,Cottus,carolinae,36.0748,-92.0781,,,,,,
Cottus_carolinae,Cottus,carolinae,36.0748,-92.0781,,,,,,
Cottus_carolinae,Cottus,carolinae,36.0748,-92.0781,,,,,,
Cottus_carolinae,Cottus,carolinae,36.0748,-92.0781,,,,,,
Cottus_carolinae,Cottus,carolinae,36.0748,-92.0781,,,,,,
Cottus_carolinae,Cottus,carolinae,36.0748,-92.0781,,,,,,
Cottus_carolinae,Cottus,carolinae,36.063,-92.0762,,,,,,
Cottus_carolinae,Cottus,carolinae,36.063,-92.0762,,,,,,
Cottus_carolinae,Cottus,carolinae,36.063,-92.0762,,,,,,
Cottus_carolinae,Cottus,carolinae,36.063,-92.0762,,,,,,
Cottus_carolinae,Cottus,carolinae,36.063,-92.0762,,,,,,
Cottus_carolinae,Cottus,carolinae,36.063,-92.0762,,,,,,
Cottus_carolinae,Cottus,carolinae,36.063,-92.0762,,,,,,
Cottus_carolinae,Cottus,carolinae,36.063,-92.0762,,,,,,
Cottus_carolinae,Cottus,carolinae,36.2075,-92.075,,,,,,
Cottus_carolinae,Cottus,carolinae,36.2075,-92.075,,,,,,
Cottus_carolinae,Cottus,carolinae,36.2075,-92.075,,,,,,
Cottus_carolinae,Cottus,carolinae,36.2075,-92.075,,,,,,
Cottus_carolinae,Cottus,carolinae,36.2075,-92.075,,,,,,
Cottus_carolinae,Cottus,carolinae,36.2075,-92.075,,,,,,
Cottus_carolinae,Cottus,carolinae,36.2075,-92.075,,,,,,
Cottus_carolinae,Cottus,carolinae,36.2075,-92.075,,,,,,
Cottus_carolinae,Cottus,carolinae,36.2075,-92.075,,,,,,
Cottus_carolinae,Cottus,carolinae,36.1469,-92.0713,,,,,,
Cottus_carolinae,Cottus,carolinae,36.1018,-92.0713,,,,,,
Cottus_carolinae,Cottus,carolinae,36.1469,-92.0713,,,,,,
Cottus_carolinae,Cottus,carolinae,36.1469,-92.0713,,,,,,
Cottus_carolinae,Cottus,carolinae,36.1018,-92.0713,,,,,,
Cottus_carolinae,Cottus,carolinae,36.1018,-92.0713,,,,,,
Cottus_carolinae,Cottus,carolinae,36.1018,-92.0713,,,,,,
Cottus_carolinae,Cottus,carolinae,36.1469,-92.0713,,,,,,
Cottus_carolinae,Cottus,carolinae,36.1469,-92.0713,,,,,,
Cottus_carolinae,Cottus,carolinae,36.1469,-92.0713,,,,,,
Cottus_carolinae,Cottus,carolinae,36.1018,-92.0713,,,,,,
Cottus_carolinae,Cottus,carolinae,36.1469,-92.0713,,,,,,
Cottus_carolinae,Cottus,carolinae,36.1469,-92.0713,,,,,,
Cottus_carolinae,Cottus,carolinae,36.1469,-92.0713,,,,,,
Cottus_carolinae,Cottus,carolinae,36.1018,-92.0713,,,,,,
Cottus_carolinae,Cottus,carolinae,36.1018,-92.0713,,,,,,
Cottus_carolinae,Cottus,carolinae,36.1469,-92.0713,,,,,,
Cottus_carolinae,Cottus,carolinae,36.1018,-92.0713,,,,,,
Cottus_carolinae,Cottus,carolinae,36.1018,-92.0713,,,,,,
Cottus_carolinae,Cottus,carolinae,36.1018,-92.0713,,,,,,
Cottus_carolinae,Cottus,carolinae,36.1469,-92.0713,,,,,,
Cottus_carolinae,Cottus,carolinae,36.1018,-92.0713,,,,,,
Cottus_carolinae,Cottus,carolinae,36.1469,-92.0713,,,,,,
Cottus_carolinae,Cottus,carolinae,36.0648,-92.0512,,,,,,
Cottus_carolinae,Cottus,carolinae,36.0648,-92.0512,,,,,,
Cottus_carolinae,Cottus,carolinae,36.0648,-92.0512,,,,,,
Cottus_carolinae,Cottus,carolinae,36.0648,-92.0512,,,,,,
Cottus_carolinae,Cottus,carolinae,36.0648,-92.0512,,,,,,
Cottus_carolinae,Cottus,carolinae,36.0648,-92.0512,,,,,,
Cottus_carolinae,Cottus,carolinae,36.0648,-92.0512,,,,,,
Cottus_carolinae,Cottus,carolinae,36.0648,-92.0512,,,,,,
Cottus_carolinae,Cottus,carolinae,36.0648,-92.0512,,,,,,
Cottus_carolinae,Cottus,carolinae,36.1672,-92.0419,,,,,,
Cottus_carolinae,Cottus,carolinae,36.1672,-92.0419,,,,,,
Cottus_carolinae,Cottus,carolinae,36.1672,-92.0419,,,,,,
Cottus_carolinae,Cottus,carolinae,36.1672,-92.0419,,,,,,
Cottus_carolinae,Cottus,carolinae,36.193,-92.011,,,,,,
Cottus_carolinae,Cottus,carolinae,36.193,-92.011,,,,,,
Cottus_carolinae,Cottus,carolinae,36.193,-92.011,,,,,,
Cottus_carolinae,Cottus,carolinae,36.193,-92.011,,,,,,
Cottus_carolinae,Cottus,carolinae,36.193,-92.011,,,,,,
Cottus_carolinae,Cottus,carolinae,36.0818,-91.9865,,,,,,
Cottus_carolinae,Cottus,carolinae,36.0818,-91.9865,,,,,,
Cottus_carolinae,Cottus,carolinae,36.0818,-91.9865,,,,,,
Cottus_carolinae,Cottus,carolinae,36.0818,-91.9865,,,,,,
Cottus_carolinae,Cottus,carolinae,36.0818,-91.9865,,,,,,
Cottus_carolinae,Cottus,carolinae,36.0818,-91.9865,,,,,,
Cottus_carolinae,Cottus,carolinae,36.0818,-91.9865,,,,,,
Cottus_carolinae,Cottus,carolinae,36.1145,-91.965,,,,,,
Cottus_carolinae,Cottus,carolinae,36.1145,-91.965,,,,,,
Cottus_carolinae,Cottus,carolinae,36.1145,-91.965,,,,,,
Cottus_carolinae,Cottus,carolinae,36.1145,-91.965,,,,,,
Cottus_carolinae,Cottus,carolinae,36.1145,-91.965,,,,,,
Cottus_carolinae,Cottus,carolinae,36.1145,-91.965,,,,,,
Cottus_carolinae,Cottus,carolinae,36.1145,-91.965,,,,,,
Cottus_carolinae,Cottus,carolinae,36.888332,-86.385,,,,,,
Cottus_carolinae,Cottus,carolinae,36.74472,-86.291115,,,,,,
Cottus_carolinae,Cottus,carolinae,36.752224,-86.2875,,,,,,
Cottus_carolinae,Cottus,carolinae,36.59778,-85.70695,,,,,,
Cottus_carolinae,Cottus,carolinae,35.264446,-85.46111,,,,,,
Cottus_carolinae,Cottus,carolinae,36.2914,-85.19772,,,,,,
Cottus_carolinae,Cottus,carolinae,36.2914,-85.197716,,,,,,
Cottus_carolinae,Cottus,carolinae,36.705833,-84.96445,,,,,,
Cottus_carolinae,Cottus,carolinae,35.77861,-83.88722,,,,,,
Cottus_carolinae,Cottus,carolinae,35.871113,-83.55889,,,,,,
Cottus_carolinae,Cottus,carolinae,36.15167,-83.13528,,,,,,
